pc,explained_variance_ratio,feature,loading,abs_loading
PC1,0.3669641035805827,stage_2_frames,0.027150362858966787,0.027150362858966787
PC1,0.3669641035805827,stage_3_frames,-0.0838792807757216,0.0838792807757216
PC1,0.3669641035805827,stage_4_frames,-0.11000435730607927,0.11000435730607927
PC1,0.3669641035805827,stage_5_frames,-0.09999734143094496,0.09999734143094496
PC1,0.3669641035805827,roam_mean,-0.18351955129477593,0.18351955129477593
PC1,0.3669641035805827,roam_std_over_mean,0.17993259863872546,0.17993259863872546
PC1,0.3669641035805827,roam_early_mean,-0.13501098917616372,0.13501098917616372
PC1,0.3669641035805827,roam_mid_mean,-0.13211756037843148,0.13211756037843148
PC1,0.3669641035805827,roam_late_mean,-0.1562963770256348,0.1562963770256348
PC1,0.3669641035805827,roam_slope,0.01798781069832639,0.01798781069832639
PC1,0.3669641035805827,speed_1s_rows,-0.03389110688940723,0.03389110688940723
PC1,0.3669641035805827,speed_1s_stage2_rows,-0.08387928077572154,0.08387928077572154
PC1,0.3669641035805827,speed_1s_stage2_col1_mean,0.08569196936131067,0.08569196936131067
PC1,0.3669641035805827,speed_1s_stage2_col1_std_over_mean,0.02059588468721474,0.02059588468721474
PC1,0.3669641035805827,speed_1s_stage2_col2_mean,0.1989142532890975,0.1989142532890975
PC1,0.3669641035805827,speed_1s_stage2_col2_std_over_mean,-0.19966320495092782,0.19966320495092782
PC1,0.3669641035805827,speed_1s_stage3_rows,-0.11000435730607948,0.11000435730607948
PC1,0.3669641035805827,speed_1s_stage3_col1_mean,0.13456729275702922,0.13456729275702922
PC1,0.3669641035805827,speed_1s_stage3_col1_std_over_mean,-0.07608308293923133,0.07608308293923133
PC1,0.3669641035805827,speed_1s_stage3_col2_mean,0.20562727059979535,0.20562727059979535
PC1,0.3669641035805827,speed_1s_stage3_col2_std_over_mean,-0.2000524113251648,0.2000524113251648
PC1,0.3669641035805827,speed_1s_stage4_rows,-0.09999734143094499,0.09999734143094499
PC1,0.3669641035805827,speed_1s_stage4_col1_mean,0.11483870890089055,0.11483870890089055
PC1,0.3669641035805827,speed_1s_stage4_col1_std_over_mean,-0.1832787169262316,0.1832787169262316
PC1,0.3669641035805827,speed_1s_stage4_col2_mean,0.208614401918787,0.208614401918787
PC1,0.3669641035805827,speed_1s_stage4_col2_std_over_mean,-0.20608049423155825,0.20608049423155825
PC1,0.3669641035805827,speed_1s_stage5_rows,0.015294944361312818,0.015294944361312818
PC1,0.3669641035805827,speed_1s_stage5_col1_mean,-0.018313319757591432,0.018313319757591432
PC1,0.3669641035805827,speed_1s_stage5_col1_std_over_mean,-0.032149585447455525,0.032149585447455525
PC1,0.3669641035805827,speed_1s_stage5_col2_mean,0.199671461579251,0.199671461579251
PC1,0.3669641035805827,speed_1s_stage5_col2_std_over_mean,-0.19641987452661577,0.19641987452661577
PC1,0.3669641035805827,speed_10s_avg_rows,-0.03389110688940723,0.03389110688940723
PC1,0.3669641035805827,speed_10s_avg_stage2_rows,-0.08387928077572153,0.08387928077572153
PC1,0.3669641035805827,speed_10s_avg_stage2_col1_mean,0.08569119551231398,0.08569119551231398
PC1,0.3669641035805827,speed_10s_avg_stage2_col1_std_over_mean,-0.13587322431441298,0.13587322431441298
PC1,0.3669641035805827,speed_10s_avg_stage2_col2_mean,0.19891753578207796,0.19891753578207796
PC1,0.3669641035805827,speed_10s_avg_stage2_col2_std_over_mean,-0.1698984519131541,0.1698984519131541
PC1,0.3669641035805827,speed_10s_avg_stage3_rows,-0.11000435730607948,0.11000435730607948
PC1,0.3669641035805827,speed_10s_avg_stage3_col1_mean,0.13456550287300575,0.13456550287300575
PC1,0.3669641035805827,speed_10s_avg_stage3_col1_std_over_mean,-0.14925911962959493,0.14925911962959493
PC1,0.3669641035805827,speed_10s_avg_stage3_col2_mean,0.20562957324454514,0.20562957324454514
PC1,0.3669641035805827,speed_10s_avg_stage3_col2_std_over_mean,-0.1507959807146297,0.1507959807146297
PC1,0.3669641035805827,speed_10s_avg_stage4_rows,-0.09999734143094499,0.09999734143094499
PC1,0.3669641035805827,speed_10s_avg_stage4_col1_mean,0.1148380058361545,0.1148380058361545
PC1,0.3669641035805827,speed_10s_avg_stage4_col1_std_over_mean,-0.16188464689448948,0.16188464689448948
PC1,0.3669641035805827,speed_10s_avg_stage4_col2_mean,0.20861206245975356,0.20861206245975356
PC1,0.3669641035805827,speed_10s_avg_stage4_col2_std_over_mean,-0.16997844555961913,0.16997844555961913
PC1,0.3669641035805827,speed_10s_avg_stage5_rows,0.015294944361312818,0.015294944361312818
PC1,0.3669641035805827,speed_10s_avg_stage5_col1_mean,-0.018298228444576573,0.018298228444576573
PC1,0.3669641035805827,speed_10s_avg_stage5_col1_std_over_mean,-0.06643219823642356,0.06643219823642356
PC1,0.3669641035805827,speed_10s_avg_stage5_col2_mean,0.19967157207659536,0.19967157207659536
PC1,0.3669641035805827,speed_10s_avg_stage5_col2_std_over_mean,-0.1433252407161946,0.1433252407161946
PC2,0.14905677174637985,stage_2_frames,0.1809986049684257,0.1809986049684257
PC2,0.14905677174637985,stage_3_frames,0.2883860052483642,0.2883860052483642
PC2,0.14905677174637985,stage_4_frames,0.2624969435550296,0.2624969435550296
PC2,0.14905677174637985,stage_5_frames,0.27704523332008535,0.27704523332008535
PC2,0.14905677174637985,roam_mean,-0.016660624411953096,0.016660624411953096
PC2,0.14905677174637985,roam_std_over_mean,0.06750129465963853,0.06750129465963853
PC2,0.14905677174637985,roam_early_mean,0.01385768926726547,0.01385768926726547
PC2,0.14905677174637985,roam_mid_mean,-0.0129373927686831,0.0129373927686831
PC2,0.14905677174637985,roam_late_mean,-0.056250301463379844,0.056250301463379844
PC2,0.14905677174637985,roam_slope,-0.05473044095009758,0.05473044095009758
PC2,0.14905677174637985,speed_1s_rows,0.24186146551390675,0.24186146551390675
PC2,0.14905677174637985,speed_1s_stage2_rows,0.2883860052483641,0.2883860052483641
PC2,0.14905677174637985,speed_1s_stage2_col1_mean,0.062462630475856915,0.062462630475856915
PC2,0.14905677174637985,speed_1s_stage2_col1_std_over_mean,0.033976252670569494,0.033976252670569494
PC2,0.14905677174637985,speed_1s_stage2_col2_mean,0.06381666870154097,0.06381666870154097
PC2,0.14905677174637985,speed_1s_stage2_col2_std_over_mean,-0.07764914450740257,0.07764914450740257
PC2,0.14905677174637985,speed_1s_stage3_rows,0.26249694355502956,0.26249694355502956
PC2,0.14905677174637985,speed_1s_stage3_col1_mean,-0.0007414738630774901,0.0007414738630774901
PC2,0.14905677174637985,speed_1s_stage3_col1_std_over_mean,-0.0298459540144613,0.0298459540144613
PC2,0.14905677174637985,speed_1s_stage3_col2_mean,0.08458606496311243,0.08458606496311243
PC2,0.14905677174637985,speed_1s_stage3_col2_std_over_mean,-0.10337871406056744,0.10337871406056744
PC2,0.14905677174637985,speed_1s_stage4_rows,0.2770452333200856,0.2770452333200856
PC2,0.14905677174637985,speed_1s_stage4_col1_mean,0.03045074096298398,0.03045074096298398
PC2,0.14905677174637985,speed_1s_stage4_col1_std_over_mean,0.04161012490533298,0.04161012490533298
PC2,0.14905677174637985,speed_1s_stage4_col2_mean,0.07830433559324387,0.07830433559324387
PC2,0.14905677174637985,speed_1s_stage4_col2_std_over_mean,-0.09444976883636517,0.09444976883636517
PC2,0.14905677174637985,speed_1s_stage5_rows,-0.04219309958906717,0.04219309958906717
PC2,0.14905677174637985,speed_1s_stage5_col1_mean,-0.07849526642554391,0.07849526642554391
PC2,0.14905677174637985,speed_1s_stage5_col1_std_over_mean,0.05639547940798338,0.05639547940798338
PC2,0.14905677174637985,speed_1s_stage5_col2_mean,0.07085452075875398,0.07085452075875398
PC2,0.14905677174637985,speed_1s_stage5_col2_std_over_mean,-0.09671475022993696,0.09671475022993696
PC2,0.14905677174637985,speed_10s_avg_rows,0.24186146551390675,0.24186146551390675
PC2,0.14905677174637985,speed_10s_avg_stage2_rows,0.28838600524836405,0.28838600524836405
PC2,0.14905677174637985,speed_10s_avg_stage2_col1_mean,0.06246189739384143,0.06246189739384143
PC2,0.14905677174637985,speed_10s_avg_stage2_col1_std_over_mean,0.04615178320024933,0.04615178320024933
PC2,0.14905677174637985,speed_10s_avg_stage2_col2_mean,0.06380182443806708,0.06380182443806708
PC2,0.14905677174637985,speed_10s_avg_stage2_col2_std_over_mean,-0.056207890829553214,0.056207890829553214
PC2,0.14905677174637985,speed_10s_avg_stage3_rows,0.2624969435550295,0.2624969435550295
PC2,0.14905677174637985,speed_10s_avg_stage3_col1_mean,-0.0007381380841853431,0.0007381380841853431
PC2,0.14905677174637985,speed_10s_avg_stage3_col1_std_over_mean,0.005867566743091622,0.005867566743091622
PC2,0.14905677174637985,speed_10s_avg_stage3_col2_mean,0.08458737056642004,0.08458737056642004
PC2,0.14905677174637985,speed_10s_avg_stage3_col2_std_over_mean,-0.10043678922694786,0.10043678922694786
PC2,0.14905677174637985,speed_10s_avg_stage4_rows,0.2770452333200856,0.2770452333200856
PC2,0.14905677174637985,speed_10s_avg_stage4_col1_mean,0.030440951366779153,0.030440951366779153
PC2,0.14905677174637985,speed_10s_avg_stage4_col1_std_over_mean,0.09529855351040223,0.09529855351040223
PC2,0.14905677174637985,speed_10s_avg_stage4_col2_mean,0.07832040981512192,0.07832040981512192
PC2,0.14905677174637985,speed_10s_avg_stage4_col2_std_over_mean,-0.056740122055111704,0.056740122055111704
PC2,0.14905677174637985,speed_10s_avg_stage5_rows,-0.04219309958906717,0.04219309958906717
PC2,0.14905677174637985,speed_10s_avg_stage5_col1_mean,-0.07849291910858698,0.07849291910858698
PC2,0.14905677174637985,speed_10s_avg_stage5_col1_std_over_mean,0.05147157781270292,0.05147157781270292
PC2,0.14905677174637985,speed_10s_avg_stage5_col2_mean,0.07084317762845385,0.07084317762845385
PC2,0.14905677174637985,speed_10s_avg_stage5_col2_std_over_mean,-0.09903560383367539,0.09903560383367539
PC3,0.10260696706963128,stage_2_frames,0.12075166509902678,0.12075166509902678
PC3,0.10260696706963128,stage_3_frames,-0.0470568536850593,0.0470568536850593
PC3,0.10260696706963128,stage_4_frames,-0.05883193423568556,0.05883193423568556
PC3,0.10260696706963128,stage_5_frames,0.04949342062392231,0.04949342062392231
PC3,0.10260696706963128,roam_mean,0.1809588757778302,0.1809588757778302
PC3,0.10260696706963128,roam_std_over_mean,-0.18745790880521773,0.18745790880521773
PC3,0.10260696706963128,roam_early_mean,0.11454521400756268,0.11454521400756268
PC3,0.10260696706963128,roam_mid_mean,0.128848248770933,0.128848248770933
PC3,0.10260696706963128,roam_late_mean,0.1859756805811839,0.1859756805811839
PC3,0.10260696706963128,roam_slope,0.024713021445495666,0.024713021445495666
PC3,0.10260696706963128,speed_1s_rows,0.2083511319019537,0.2083511319019537
PC3,0.10260696706963128,speed_1s_stage2_rows,-0.047056853685059324,0.047056853685059324
PC3,0.10260696706963128,speed_1s_stage2_col1_mean,0.24092518367054963,0.24092518367054963
PC3,0.10260696706963128,speed_1s_stage2_col1_std_over_mean,0.07972016886618015,0.07972016886618015
PC3,0.10260696706963128,speed_1s_stage2_col2_mean,-0.02878928833741804,0.02878928833741804
PC3,0.10260696706963128,speed_1s_stage2_col2_std_over_mean,0.018972697813247345,0.018972697813247345
PC3,0.10260696706963128,speed_1s_stage3_rows,-0.05883193423568556,0.05883193423568556
PC3,0.10260696706963128,speed_1s_stage3_col1_mean,0.21498184548862032,0.21498184548862032
PC3,0.10260696706963128,speed_1s_stage3_col1_std_over_mean,-0.0378595708416331,0.0378595708416331
PC3,0.10260696706963128,speed_1s_stage3_col2_mean,0.013411794488755062,0.013411794488755062
PC3,0.10260696706963128,speed_1s_stage3_col2_std_over_mean,-0.03280317603679174,0.03280317603679174
PC3,0.10260696706963128,speed_1s_stage4_rows,0.049493420623922334,0.049493420623922334
PC3,0.10260696706963128,speed_1s_stage4_col1_mean,0.25202169331727103,0.25202169331727103
PC3,0.10260696706963128,speed_1s_stage4_col1_std_over_mean,-0.08906433694692134,0.08906433694692134
PC3,0.10260696706963128,speed_1s_stage4_col2_mean,0.013000879402191856,0.013000879402191856
PC3,0.10260696706963128,speed_1s_stage4_col2_std_over_mean,-0.025539548237231015,0.025539548237231015
PC3,0.10260696706963128,speed_1s_stage5_rows,0.2747122416416434,0.2747122416416434
PC3,0.10260696706963128,speed_1s_stage5_col1_mean,0.320844860138183,0.320844860138183
PC3,0.10260696706963128,speed_1s_stage5_col1_std_over_mean,-0.015891100971449464,0.015891100971449464
PC3,0.10260696706963128,speed_1s_stage5_col2_mean,-0.08098023359549868,0.08098023359549868
PC3,0.10260696706963128,speed_1s_stage5_col2_std_over_mean,0.05603207125725616,0.05603207125725616
PC3,0.10260696706963128,speed_10s_avg_rows,0.20835113190195362,0.20835113190195362
PC3,0.10260696706963128,speed_10s_avg_stage2_rows,-0.047056853685059324,0.047056853685059324
PC3,0.10260696706963128,speed_10s_avg_stage2_col1_mean,0.24092605435678383,0.24092605435678383
PC3,0.10260696706963128,speed_10s_avg_stage2_col1_std_over_mean,0.061876405877138635,0.061876405877138635
PC3,0.10260696706963128,speed_10s_avg_stage2_col2_mean,-0.02878181343924325,0.02878181343924325
PC3,0.10260696706963128,speed_10s_avg_stage2_col2_std_over_mean,0.06242903779125495,0.06242903779125495
PC3,0.10260696706963128,speed_10s_avg_stage3_rows,-0.05883193423568556,0.05883193423568556
PC3,0.10260696706963128,speed_10s_avg_stage3_col1_mean,0.21498955959424562,0.21498955959424562
PC3,0.10260696706963128,speed_10s_avg_stage3_col1_std_over_mean,-0.02180206512599215,0.02180206512599215
PC3,0.10260696706963128,speed_10s_avg_stage3_col2_mean,0.013411277471720018,0.013411277471720018
PC3,0.10260696706963128,speed_10s_avg_stage3_col2_std_over_mean,-0.010754309666967742,0.010754309666967742
PC3,0.10260696706963128,speed_10s_avg_stage4_rows,0.04949342062392234,0.04949342062392234
PC3,0.10260696706963128,speed_10s_avg_stage4_col1_mean,0.25202228007953525,0.25202228007953525
PC3,0.10260696706963128,speed_10s_avg_stage4_col1_std_over_mean,-0.013872126773690535,0.013872126773690535
PC3,0.10260696706963128,speed_10s_avg_stage4_col2_mean,0.012976733547451285,0.012976733547451285
PC3,0.10260696706963128,speed_10s_avg_stage4_col2_std_over_mean,0.012739832928919824,0.012739832928919824
PC3,0.10260696706963128,speed_10s_avg_stage5_rows,0.2747122416416434,0.2747122416416434
PC3,0.10260696706963128,speed_10s_avg_stage5_col1_mean,0.3208864320718643,0.3208864320718643
PC3,0.10260696706963128,speed_10s_avg_stage5_col1_std_over_mean,-0.04566242815326528,0.04566242815326528
PC3,0.10260696706963128,speed_10s_avg_stage5_col2_mean,-0.08094038827987302,0.08094038827987302
PC3,0.10260696706963128,speed_10s_avg_stage5_col2_std_over_mean,0.039915607868834274,0.039915607868834274
PC4,0.0716606922383845,stage_2_frames,0.21639074069666794,0.21639074069666794
PC4,0.0716606922383845,stage_3_frames,0.06635888105217624,0.06635888105217624
PC4,0.0716606922383845,stage_4_frames,-0.0343451382601217,0.0343451382601217
PC4,0.0716606922383845,stage_5_frames,-0.04416615195430096,0.04416615195430096
PC4,0.0716606922383845,roam_mean,-0.15425783004462879,0.15425783004462879
PC4,0.0716606922383845,roam_std_over_mean,0.0014041926890339673,0.0014041926890339673
PC4,0.0716606922383845,roam_early_mean,-0.31480602921838147,0.31480602921838147
PC4,0.0716606922383845,roam_mid_mean,-0.07814786558634651,0.07814786558634651
PC4,0.0716606922383845,roam_late_mean,0.16927598759626258,0.16927598759626258
PC4,0.0716606922383845,roam_slope,0.4000359270958566,0.4000359270958566
PC4,0.0716606922383845,speed_1s_rows,0.19048478982743325,0.19048478982743325
PC4,0.0716606922383845,speed_1s_stage2_rows,0.0663588810521761,0.0663588810521761
PC4,0.0716606922383845,speed_1s_stage2_col1_mean,-0.2851293455067839,0.2851293455067839
PC4,0.0716606922383845,speed_1s_stage2_col1_std_over_mean,-0.06886026587371,0.06886026587371
PC4,0.0716606922383845,speed_1s_stage2_col2_mean,0.16000655301128416,0.16000655301128416
PC4,0.0716606922383845,speed_1s_stage2_col2_std_over_mean,-0.1570640268046575,0.1570640268046575
PC4,0.0716606922383845,speed_1s_stage3_rows,-0.034345138260121755,0.034345138260121755
PC4,0.0716606922383845,speed_1s_stage3_col1_mean,-0.10195338464180698,0.10195338464180698
PC4,0.0716606922383845,speed_1s_stage3_col1_std_over_mean,0.049988802201361336,0.049988802201361336
PC4,0.0716606922383845,speed_1s_stage3_col2_mean,0.00446263781917736,0.00446263781917736
PC4,0.0716606922383845,speed_1s_stage3_col2_std_over_mean,0.0006957994207683915,0.0006957994207683915
PC4,0.0716606922383845,speed_1s_stage4_rows,-0.04416615195430114,0.04416615195430114
PC4,0.0716606922383845,speed_1s_stage4_col1_mean,-0.06484688504314785,0.06484688504314785
PC4,0.0716606922383845,speed_1s_stage4_col1_std_over_mean,0.002250799063488929,0.002250799063488929
PC4,0.0716606922383845,speed_1s_stage4_col2_mean,-0.016840826883691387,0.016840826883691387
PC4,0.0716606922383845,speed_1s_stage4_col2_std_over_mean,0.023774866383855633,0.023774866383855633
PC4,0.0716606922383845,speed_1s_stage5_rows,0.12538986119222417,0.12538986119222417
PC4,0.0716606922383845,speed_1s_stage5_col1_mean,0.14575382348161844,0.14575382348161844
PC4,0.0716606922383845,speed_1s_stage5_col1_std_over_mean,0.05009079490501031,0.05009079490501031
PC4,0.0716606922383845,speed_1s_stage5_col2_mean,-0.13709669600274274,0.13709669600274274
PC4,0.0716606922383845,speed_1s_stage5_col2_std_over_mean,0.13932143126357427,0.13932143126357427
PC4,0.0716606922383845,speed_10s_avg_rows,0.19048478982743328,0.19048478982743328
PC4,0.0716606922383845,speed_10s_avg_stage2_rows,0.0663588810521761,0.0663588810521761
PC4,0.0716606922383845,speed_10s_avg_stage2_col1_mean,-0.28512946818979085,0.28512946818979085
PC4,0.0716606922383845,speed_10s_avg_stage2_col1_std_over_mean,-0.17511258991253567,0.17511258991253567
PC4,0.0716606922383845,speed_10s_avg_stage2_col2_mean,0.15999381004686689,0.15999381004686689
PC4,0.0716606922383845,speed_10s_avg_stage2_col2_std_over_mean,-0.2493164252340738,0.2493164252340738
PC4,0.0716606922383845,speed_10s_avg_stage3_rows,-0.03434513826012175,0.03434513826012175
PC4,0.0716606922383845,speed_10s_avg_stage3_col1_mean,-0.10195581617525065,0.10195581617525065
PC4,0.0716606922383845,speed_10s_avg_stage3_col1_std_over_mean,-0.006356587200489431,0.006356587200489431
PC4,0.0716606922383845,speed_10s_avg_stage3_col2_mean,0.0044753546308396045,0.0044753546308396045
PC4,0.0716606922383845,speed_10s_avg_stage3_col2_std_over_mean,-0.0029693372180286137,0.0029693372180286137
PC4,0.0716606922383845,speed_10s_avg_stage4_rows,-0.04416615195430115,0.04416615195430115
PC4,0.0716606922383845,speed_10s_avg_stage4_col1_mean,-0.06484522340341607,0.06484522340341607
PC4,0.0716606922383845,speed_10s_avg_stage4_col1_std_over_mean,-0.019578581473873084,0.019578581473873084
PC4,0.0716606922383845,speed_10s_avg_stage4_col2_mean,-0.016835171313543854,0.016835171313543854
PC4,0.0716606922383845,speed_10s_avg_stage4_col2_std_over_mean,0.043773213362695726,0.043773213362695726
PC4,0.0716606922383845,speed_10s_avg_stage5_rows,0.12538986119222417,0.12538986119222417
PC4,0.0716606922383845,speed_10s_avg_stage5_col1_mean,0.14573318656831805,0.14573318656831805
PC4,0.0716606922383845,speed_10s_avg_stage5_col1_std_over_mean,0.03692808302085941,0.03692808302085941
PC4,0.0716606922383845,speed_10s_avg_stage5_col2_mean,-0.13711827631086548,0.13711827631086548
PC4,0.0716606922383845,speed_10s_avg_stage5_col2_std_over_mean,0.1850683624864221,0.1850683624864221
PC5,0.046854171828902454,stage_2_frames,0.07788906517569218,0.07788906517569218
PC5,0.046854171828902454,stage_3_frames,-0.01736976351336117,0.01736976351336117
PC5,0.046854171828902454,stage_4_frames,-0.05391706249309729,0.05391706249309729
PC5,0.046854171828902454,stage_5_frames,-0.0138052411836814,0.0138052411836814
PC5,0.046854171828902454,roam_mean,0.06426993400974053,0.06426993400974053
PC5,0.046854171828902454,roam_std_over_mean,-0.012857560607111074,0.012857560607111074
PC5,0.046854171828902454,roam_early_mean,-0.11725008954220692,0.11725008954220692
PC5,0.046854171828902454,roam_mid_mean,0.34744982548629233,0.34744982548629233
PC5,0.046854171828902454,roam_late_mean,0.04783345633662395,0.04783345633662395
PC5,0.046854171828902454,roam_slope,0.07819797056869465,0.07819797056869465
PC5,0.046854171828902454,speed_1s_rows,-0.04564125223420948,0.04564125223420948
PC5,0.046854171828902454,speed_1s_stage2_rows,-0.017369763513361093,0.017369763513361093
PC5,0.046854171828902454,speed_1s_stage2_col1_mean,-0.08838377260124314,0.08838377260124314
PC5,0.046854171828902454,speed_1s_stage2_col1_std_over_mean,-0.014254260479529005,0.014254260479529005
PC5,0.046854171828902454,speed_1s_stage2_col2_mean,0.08691224372550056,0.08691224372550056
PC5,0.046854171828902454,speed_1s_stage2_col2_std_over_mean,-0.08633332020240282,0.08633332020240282
PC5,0.046854171828902454,speed_1s_stage3_rows,-0.053917062493097245,0.053917062493097245
PC5,0.046854171828902454,speed_1s_stage3_col1_mean,0.27709380670451944,0.27709380670451944
PC5,0.046854171828902454,speed_1s_stage3_col1_std_over_mean,0.01172799118831786,0.01172799118831786
PC5,0.046854171828902454,speed_1s_stage3_col2_mean,-0.0721377112537908,0.0721377112537908
PC5,0.046854171828902454,speed_1s_stage3_col2_std_over_mean,0.06991489728384194,0.06991489728384194
PC5,0.046854171828902454,speed_1s_stage4_rows,-0.013805241183681644,0.013805241183681644
PC5,0.046854171828902454,speed_1s_stage4_col1_mean,0.2213326842775575,0.2213326842775575
PC5,0.046854171828902454,speed_1s_stage4_col1_std_over_mean,0.11753968468760932,0.11753968468760932
PC5,0.046854171828902454,speed_1s_stage4_col2_mean,-0.02959725026425745,0.02959725026425745
PC5,0.046854171828902454,speed_1s_stage4_col2_std_over_mean,0.0093124035435989,0.0093124035435989
PC5,0.046854171828902454,speed_1s_stage5_rows,-0.1309166810279933,0.1309166810279933
PC5,0.046854171828902454,speed_1s_stage5_col1_mean,-0.13286484312784272,0.13286484312784272
PC5,0.046854171828902454,speed_1s_stage5_col1_std_over_mean,0.34034112314461795,0.34034112314461795
PC5,0.046854171828902454,speed_1s_stage5_col2_mean,0.10790005897861961,0.10790005897861961
PC5,0.046854171828902454,speed_1s_stage5_col2_std_over_mean,-0.10845321284640398,0.10845321284640398
PC5,0.046854171828902454,speed_10s_avg_rows,-0.0456412522342094,0.0456412522342094
PC5,0.046854171828902454,speed_10s_avg_stage2_rows,-0.017369763513361062,0.017369763513361062
PC5,0.046854171828902454,speed_10s_avg_stage2_col1_mean,-0.08838057257696535,0.08838057257696535
PC5,0.046854171828902454,speed_10s_avg_stage2_col1_std_over_mean,-0.08434965467538766,0.08434965467538766
PC5,0.046854171828902454,speed_10s_avg_stage2_col2_mean,0.08691703993440746,0.08691703993440746
PC5,0.046854171828902454,speed_10s_avg_stage2_col2_std_over_mean,-0.09528184591623025,0.09528184591623025
PC5,0.046854171828902454,speed_10s_avg_stage3_rows,-0.05391706249309726,0.05391706249309726
PC5,0.046854171828902454,speed_10s_avg_stage3_col1_mean,0.27709562009532107,0.27709562009532107
PC5,0.046854171828902454,speed_10s_avg_stage3_col1_std_over_mean,0.17448209312390156,0.17448209312390156
PC5,0.046854171828902454,speed_10s_avg_stage3_col2_mean,-0.07211906008477241,0.07211906008477241
PC5,0.046854171828902454,speed_10s_avg_stage3_col2_std_over_mean,0.1954512909170719,0.1954512909170719
PC5,0.046854171828902454,speed_10s_avg_stage4_rows,-0.013805241183681642,0.013805241183681642
PC5,0.046854171828902454,speed_10s_avg_stage4_col1_mean,0.22133336645045384,0.22133336645045384
PC5,0.046854171828902454,speed_10s_avg_stage4_col1_std_over_mean,0.2486611546490146,0.2486611546490146
PC5,0.046854171828902454,speed_10s_avg_stage4_col2_mean,-0.029620143623859355,0.029620143623859355
PC5,0.046854171828902454,speed_10s_avg_stage4_col2_std_over_mean,0.17711425111143878,0.17711425111143878
PC5,0.046854171828902454,speed_10s_avg_stage5_rows,-0.1309166810279933,0.1309166810279933
PC5,0.046854171828902454,speed_10s_avg_stage5_col1_mean,-0.1329116001725454,0.1329116001725454
PC5,0.046854171828902454,speed_10s_avg_stage5_col1_std_over_mean,0.33507085397701497,0.33507085397701497
PC5,0.046854171828902454,speed_10s_avg_stage5_col2_mean,0.10794412797413569,0.10794412797413569
PC5,0.046854171828902454,speed_10s_avg_stage5_col2_std_over_mean,-0.024270654568877656,0.024270654568877656
PC6,0.03833709773549831,stage_2_frames,0.059251261606274634,0.059251261606274634
PC6,0.03833709773549831,stage_3_frames,-0.009024813721134083,0.009024813721134083
PC6,0.03833709773549831,stage_4_frames,-0.07353235437612772,0.07353235437612772
PC6,0.03833709773549831,stage_5_frames,-0.1387379810410973,0.1387379810410973
PC6,0.03833709773549831,roam_mean,-0.061473454443554516,0.061473454443554516
PC6,0.03833709773549831,roam_std_over_mean,0.058661971179255035,0.058661971179255035
PC6,0.03833709773549831,roam_early_mean,0.08803981117256166,0.08803981117256166
PC6,0.03833709773549831,roam_mid_mean,-0.11086366751843524,0.11086366751843524
PC6,0.03833709773549831,roam_late_mean,-0.21008457276854403,0.21008457276854403
PC6,0.03833709773549831,roam_slope,-0.277608000105682,0.277608000105682
PC6,0.03833709773549831,speed_1s_rows,0.21010881178720098,0.21010881178720098
PC6,0.03833709773549831,speed_1s_stage2_rows,-0.009024813721133729,0.009024813721133729
PC6,0.03833709773549831,speed_1s_stage2_col1_mean,-0.09209667349428807,0.09209667349428807
PC6,0.03833709773549831,speed_1s_stage2_col1_std_over_mean,0.07749706888032488,0.07749706888032488
PC6,0.03833709773549831,speed_1s_stage2_col2_mean,-0.0520388562187674,0.0520388562187674
PC6,0.03833709773549831,speed_1s_stage2_col2_std_over_mean,0.03708013636945747,0.03708013636945747
PC6,0.03833709773549831,speed_1s_stage3_rows,-0.0735323543761277,0.0735323543761277
PC6,0.03833709773549831,speed_1s_stage3_col1_mean,-0.09627947203818905,0.09627947203818905
PC6,0.03833709773549831,speed_1s_stage3_col1_std_over_mean,0.012504205783235873,0.012504205783235873
PC6,0.03833709773549831,speed_1s_stage3_col2_mean,-0.04444323327423368,0.04444323327423368
PC6,0.03833709773549831,speed_1s_stage3_col2_std_over_mean,0.028028947588100497,0.028028947588100497
PC6,0.03833709773549831,speed_1s_stage4_rows,-0.1387379810410976,0.1387379810410976
PC6,0.03833709773549831,speed_1s_stage4_col1_mean,-0.04862654219228087,0.04862654219228087
PC6,0.03833709773549831,speed_1s_stage4_col1_std_over_mean,0.0673826761559511,0.0673826761559511
PC6,0.03833709773549831,speed_1s_stage4_col2_mean,-0.01826135593283535,0.01826135593283535
PC6,0.03833709773549831,speed_1s_stage4_col2_std_over_mean,0.007577076166561894,0.007577076166561894
PC6,0.03833709773549831,speed_1s_stage5_rows,0.3944554588902967,0.3944554588902967
PC6,0.03833709773549831,speed_1s_stage5_col1_mean,-0.15790917275732153,0.15790917275732153
PC6,0.03833709773549831,speed_1s_stage5_col1_std_over_mean,0.33183822181987244,0.33183822181987244
PC6,0.03833709773549831,speed_1s_stage5_col2_mean,0.032509874575709585,0.032509874575709585
PC6,0.03833709773549831,speed_1s_stage5_col2_std_over_mean,-0.03844880963832861,0.03844880963832861
PC6,0.03833709773549831,speed_10s_avg_rows,0.2101088117872012,0.2101088117872012
PC6,0.03833709773549831,speed_10s_avg_stage2_rows,-0.009024813721133824,0.009024813721133824
PC6,0.03833709773549831,speed_10s_avg_stage2_col1_mean,-0.0920956601892555,0.0920956601892555
PC6,0.03833709773549831,speed_10s_avg_stage2_col1_std_over_mean,0.1640435097432564,0.1640435097432564
PC6,0.03833709773549831,speed_10s_avg_stage2_col2_mean,-0.052020654517742425,0.052020654517742425
PC6,0.03833709773549831,speed_10s_avg_stage2_col2_std_over_mean,0.03378913852165316,0.03378913852165316
PC6,0.03833709773549831,speed_10s_avg_stage3_rows,-0.0735323543761277,0.0735323543761277
PC6,0.03833709773549831,speed_10s_avg_stage3_col1_mean,-0.09626162482846927,0.09626162482846927
PC6,0.03833709773549831,speed_10s_avg_stage3_col1_std_over_mean,0.004063618907598222,0.004063618907598222
PC6,0.03833709773549831,speed_10s_avg_stage3_col2_mean,-0.04445994637894013,0.04445994637894013
PC6,0.03833709773549831,speed_10s_avg_stage3_col2_std_over_mean,-0.025039619194120424,0.025039619194120424
PC6,0.03833709773549831,speed_10s_avg_stage4_rows,-0.1387379810410976,0.1387379810410976
PC6,0.03833709773549831,speed_10s_avg_stage4_col1_mean,-0.04864606533456954,0.04864606533456954
PC6,0.03833709773549831,speed_10s_avg_stage4_col1_std_over_mean,0.03081359173305365,0.03081359173305365
PC6,0.03833709773549831,speed_10s_avg_stage4_col2_mean,-0.01824409742344439,0.01824409742344439
PC6,0.03833709773549831,speed_10s_avg_stage4_col2_std_over_mean,-0.04888464550589229,0.04888464550589229
PC6,0.03833709773549831,speed_10s_avg_stage5_rows,0.3944554588902967,0.3944554588902967
PC6,0.03833709773549831,speed_10s_avg_stage5_col1_mean,-0.15778667716794245,0.15778667716794245
PC6,0.03833709773549831,speed_10s_avg_stage5_col1_std_over_mean,0.2702690944506252,0.2702690944506252
PC6,0.03833709773549831,speed_10s_avg_stage5_col2_mean,0.03249439481285417,0.03249439481285417
PC6,0.03833709773549831,speed_10s_avg_stage5_col2_std_over_mean,-0.2062300677063703,0.2062300677063703
PC7,0.03443609069494527,stage_2_frames,0.08243958301510748,0.08243958301510748
PC7,0.03443609069494527,stage_3_frames,0.19685296828776097,0.19685296828776097
PC7,0.03443609069494527,stage_4_frames,-0.15205201654639805,0.15205201654639805
PC7,0.03443609069494527,stage_5_frames,-0.065609710770009,0.065609710770009
PC7,0.03443609069494527,roam_mean,0.03159572286927045,0.03159572286927045
PC7,0.03443609069494527,roam_std_over_mean,-0.08515730836771818,0.08515730836771818
PC7,0.03443609069494527,roam_early_mean,0.0827015348523806,0.0827015348523806
PC7,0.03443609069494527,roam_mid_mean,-0.11938194540222294,0.11938194540222294
PC7,0.03443609069494527,roam_late_mean,0.060061716799033826,0.060061716799033826
PC7,0.03443609069494527,roam_slope,-0.11157375301569705,0.11157375301569705
PC7,0.03443609069494527,speed_1s_rows,-0.036521497042449974,0.036521497042449974
PC7,0.03443609069494527,speed_1s_stage2_rows,0.1968529682877609,0.1968529682877609
PC7,0.03443609069494527,speed_1s_stage2_col1_mean,-0.1518607070979202,0.1518607070979202
PC7,0.03443609069494527,speed_1s_stage2_col1_std_over_mean,0.532945628821134,0.532945628821134
PC7,0.03443609069494527,speed_1s_stage2_col2_mean,0.08258987990684866,0.08258987990684866
PC7,0.03443609069494527,speed_1s_stage2_col2_std_over_mean,-0.04948166720055011,0.04948166720055011
PC7,0.03443609069494527,speed_1s_stage3_rows,-0.152052016546398,0.152052016546398
PC7,0.03443609069494527,speed_1s_stage3_col1_mean,-0.04445634294838354,0.04445634294838354
PC7,0.03443609069494527,speed_1s_stage3_col1_std_over_mean,-0.2129627099638423,0.2129627099638423
PC7,0.03443609069494527,speed_1s_stage3_col2_mean,-0.02289645275471205,0.02289645275471205
PC7,0.03443609069494527,speed_1s_stage3_col2_std_over_mean,0.018145005226770573,0.018145005226770573
PC7,0.03443609069494527,speed_1s_stage4_rows,-0.06560971077000928,0.06560971077000928
PC7,0.03443609069494527,speed_1s_stage4_col1_mean,0.1869599477317108,0.1869599477317108
PC7,0.03443609069494527,speed_1s_stage4_col1_std_over_mean,-0.05283649264630074,0.05283649264630074
PC7,0.03443609069494527,speed_1s_stage4_col2_mean,-0.0881099923836688,0.0881099923836688
PC7,0.03443609069494527,speed_1s_stage4_col2_std_over_mean,0.1033971432195446,0.1033971432195446
PC7,0.03443609069494527,speed_1s_stage5_rows,-0.13891419245050138,0.13891419245050138
PC7,0.03443609069494527,speed_1s_stage5_col1_mean,-0.01222339078265577,0.01222339078265577
PC7,0.03443609069494527,speed_1s_stage5_col1_std_over_mean,-0.07053100695136544,0.07053100695136544
PC7,0.03443609069494527,speed_1s_stage5_col2_mean,0.008160254281555729,0.008160254281555729
PC7,0.03443609069494527,speed_1s_stage5_col2_std_over_mean,0.014967015407123068,0.014967015407123068
PC7,0.03443609069494527,speed_10s_avg_rows,-0.03652149704245003,0.03652149704245003
PC7,0.03443609069494527,speed_10s_avg_stage2_rows,0.19685296828776103,0.19685296828776103
PC7,0.03443609069494527,speed_10s_avg_stage2_col1_mean,-0.15186333542451183,0.15186333542451183
PC7,0.03443609069494527,speed_10s_avg_stage2_col1_std_over_mean,0.29878030548116347,0.29878030548116347
PC7,0.03443609069494527,speed_10s_avg_stage2_col2_mean,0.08255362801441087,0.08255362801441087
PC7,0.03443609069494527,speed_10s_avg_stage2_col2_std_over_mean,-0.04919367626821274,0.04919367626821274
PC7,0.03443609069494527,speed_10s_avg_stage3_rows,-0.152052016546398,0.152052016546398
PC7,0.03443609069494527,speed_10s_avg_stage3_col1_mean,-0.04446155651862043,0.04446155651862043
PC7,0.03443609069494527,speed_10s_avg_stage3_col1_std_over_mean,-0.2497028584477786,0.2497028584477786
PC7,0.03443609069494527,speed_10s_avg_stage3_col2_mean,-0.022846214060332454,0.022846214060332454
PC7,0.03443609069494527,speed_10s_avg_stage3_col2_std_over_mean,-0.03810223886642905,0.03810223886642905
PC7,0.03443609069494527,speed_10s_avg_stage4_rows,-0.06560971077000927,0.06560971077000927
PC7,0.03443609069494527,speed_10s_avg_stage4_col1_mean,0.1869520399567572,0.1869520399567572
PC7,0.03443609069494527,speed_10s_avg_stage4_col1_std_over_mean,-0.029782231701713853,0.029782231701713853
PC7,0.03443609069494527,speed_10s_avg_stage4_col2_mean,-0.08813465092517142,0.08813465092517142
PC7,0.03443609069494527,speed_10s_avg_stage4_col2_std_over_mean,0.1877619714108331,0.1877619714108331
PC7,0.03443609069494527,speed_10s_avg_stage5_rows,-0.1389141924505014,0.1389141924505014
PC7,0.03443609069494527,speed_10s_avg_stage5_col1_mean,-0.012274618210179737,0.012274618210179737
PC7,0.03443609069494527,speed_10s_avg_stage5_col1_std_over_mean,-0.1218565973971379,0.1218565973971379
PC7,0.03443609069494527,speed_10s_avg_stage5_col2_mean,0.008160064837666028,0.008160064837666028
PC7,0.03443609069494527,speed_10s_avg_stage5_col2_std_over_mean,0.007844446935927896,0.007844446935927896
PC8,0.03200242167460977,stage_2_frames,0.03447719444916863,0.03447719444916863
PC8,0.03200242167460977,stage_3_frames,0.018816916692808786,0.018816916692808786
PC8,0.03200242167460977,stage_4_frames,-0.03799097873336181,0.03799097873336181
PC8,0.03200242167460977,stage_5_frames,-0.018995349980066495,0.018995349980066495
PC8,0.03200242167460977,roam_mean,0.048890718288371646,0.048890718288371646
PC8,0.03200242167460977,roam_std_over_mean,0.010801260695392965,0.010801260695392965
PC8,0.03200242167460977,roam_early_mean,0.08579032428978033,0.08579032428978033
PC8,0.03200242167460977,roam_mid_mean,-0.1579765388869298,0.1579765388869298
PC8,0.03200242167460977,roam_late_mean,0.13764088011980596,0.13764088011980596
PC8,0.03200242167460977,roam_slope,0.03336322768319719,0.03336322768319719
PC8,0.03200242167460977,speed_1s_rows,-0.10381750654005409,0.10381750654005409
PC8,0.03200242167460977,speed_1s_stage2_rows,0.01881691669280877,0.01881691669280877
PC8,0.03200242167460977,speed_1s_stage2_col1_mean,0.12461383396445885,0.12461383396445885
PC8,0.03200242167460977,speed_1s_stage2_col1_std_over_mean,0.12013540202296996,0.12013540202296996
PC8,0.03200242167460977,speed_1s_stage2_col2_mean,-0.036247555768119666,0.036247555768119666
PC8,0.03200242167460977,speed_1s_stage2_col2_std_over_mean,0.04588236105046206,0.04588236105046206
PC8,0.03200242167460977,speed_1s_stage3_rows,-0.03799097873336199,0.03799097873336199
PC8,0.03200242167460977,speed_1s_stage3_col1_mean,-0.1337626088726095,0.1337626088726095
PC8,0.03200242167460977,speed_1s_stage3_col1_std_over_mean,0.04807079452461357,0.04807079452461357
PC8,0.03200242167460977,speed_1s_stage3_col2_mean,0.11348956472049869,0.11348956472049869
PC8,0.03200242167460977,speed_1s_stage3_col2_std_over_mean,-0.12117324475044726,0.12117324475044726
PC8,0.03200242167460977,speed_1s_stage4_rows,-0.01899534998006642,0.01899534998006642
PC8,0.03200242167460977,speed_1s_stage4_col1_mean,-0.10011442006822362,0.10011442006822362
PC8,0.03200242167460977,speed_1s_stage4_col1_std_over_mean,-0.041662549305334466,0.041662549305334466
PC8,0.03200242167460977,speed_1s_stage4_col2_mean,0.06308609573042676,0.06308609573042676
PC8,0.03200242167460977,speed_1s_stage4_col2_std_over_mean,-0.062464389671790285,0.062464389671790285
PC8,0.03200242167460977,speed_1s_stage5_rows,-0.2082787627626566,0.2082787627626566
PC8,0.03200242167460977,speed_1s_stage5_col1_mean,0.2551225275682836,0.2551225275682836
PC8,0.03200242167460977,speed_1s_stage5_col1_std_over_mean,0.4704351098287277,0.4704351098287277
PC8,0.03200242167460977,speed_1s_stage5_col2_mean,-0.013443657110074735,0.013443657110074735
PC8,0.03200242167460977,speed_1s_stage5_col2_std_over_mean,0.021477610511522423,0.021477610511522423
PC8,0.03200242167460977,speed_10s_avg_rows,-0.10381750654005414,0.10381750654005414
PC8,0.03200242167460977,speed_10s_avg_stage2_rows,0.018816916692808824,0.018816916692808824
PC8,0.03200242167460977,speed_10s_avg_stage2_col1_mean,0.12460647198312964,0.12460647198312964
PC8,0.03200242167460977,speed_10s_avg_stage2_col1_std_over_mean,0.06288806914145274,0.06288806914145274
PC8,0.03200242167460977,speed_10s_avg_stage2_col2_mean,-0.03622184566754171,0.03622184566754171
PC8,0.03200242167460977,speed_10s_avg_stage2_col2_std_over_mean,0.06886603549235414,0.06886603549235414
PC8,0.03200242167460977,speed_10s_avg_stage3_rows,-0.037990978733361914,0.037990978733361914
PC8,0.03200242167460977,speed_10s_avg_stage3_col1_mean,-0.1337523066515208,0.1337523066515208
PC8,0.03200242167460977,speed_10s_avg_stage3_col1_std_over_mean,-0.013926828310046642,0.013926828310046642
PC8,0.03200242167460977,speed_10s_avg_stage3_col2_mean,0.11347264744117155,0.11347264744117155
PC8,0.03200242167460977,speed_10s_avg_stage3_col2_std_over_mean,-0.18221398773669253,0.18221398773669253
PC8,0.03200242167460977,speed_10s_avg_stage4_rows,-0.018995349980066415,0.018995349980066415
PC8,0.03200242167460977,speed_10s_avg_stage4_col1_mean,-0.10010911706072648,0.10010911706072648
PC8,0.03200242167460977,speed_10s_avg_stage4_col1_std_over_mean,-0.04571834769552625,0.04571834769552625
PC8,0.03200242167460977,speed_10s_avg_stage4_col2_mean,0.06309389708002183,0.06309389708002183
PC8,0.03200242167460977,speed_10s_avg_stage4_col2_std_over_mean,-0.10980554588762023,0.10980554588762023
PC8,0.03200242167460977,speed_10s_avg_stage5_rows,-0.20827876276265658,0.20827876276265658
PC8,0.03200242167460977,speed_10s_avg_stage5_col1_mean,0.2550651820285495,0.2550651820285495
PC8,0.03200242167460977,speed_10s_avg_stage5_col1_std_over_mean,0.48707173121888164,0.48707173121888164
PC8,0.03200242167460977,speed_10s_avg_stage5_col2_mean,-0.01345272818567569,0.01345272818567569
PC8,0.03200242167460977,speed_10s_avg_stage5_col2_std_over_mean,0.1448704192289253,0.1448704192289253
PC9,0.024113027221014972,stage_2_frames,-0.21582783179189008,0.21582783179189008
PC9,0.024113027221014972,stage_3_frames,0.02002028975118388,0.02002028975118388
PC9,0.024113027221014972,stage_4_frames,-0.019547819584316617,0.019547819584316617
PC9,0.024113027221014972,stage_5_frames,0.030386111117071263,0.030386111117071263
PC9,0.024113027221014972,roam_mean,-0.04354266121957523,0.04354266121957523
PC9,0.024113027221014972,roam_std_over_mean,-0.013958639596133082,0.013958639596133082
PC9,0.024113027221014972,roam_early_mean,-0.028587747035166367,0.028587747035166367
PC9,0.024113027221014972,roam_mid_mean,-0.08141123996452197,0.08141123996452197
PC9,0.024113027221014972,roam_late_mean,0.0033599101435760614,0.0033599101435760614
PC9,0.024113027221014972,roam_slope,-0.008206361586593644,0.008206361586593644
PC9,0.024113027221014972,speed_1s_rows,-0.0786497258287176,0.0786497258287176
PC9,0.024113027221014972,speed_1s_stage2_rows,0.02002028975118368,0.02002028975118368
PC9,0.024113027221014972,speed_1s_stage2_col1_mean,-0.05534312613895115,0.05534312613895115
PC9,0.024113027221014972,speed_1s_stage2_col1_std_over_mean,0.33249045687045403,0.33249045687045403
PC9,0.024113027221014972,speed_1s_stage2_col2_mean,0.07723742613837695,0.07723742613837695
PC9,0.024113027221014972,speed_1s_stage2_col2_std_over_mean,-0.06866154061664113,0.06866154061664113
PC9,0.024113027221014972,speed_1s_stage3_rows,-0.019547819584316672,0.019547819584316672
PC9,0.024113027221014972,speed_1s_stage3_col1_mean,0.018428145641990412,0.018428145641990412
PC9,0.024113027221014972,speed_1s_stage3_col1_std_over_mean,0.6570419165244026,0.6570419165244026
PC9,0.024113027221014972,speed_1s_stage3_col2_mean,0.06333818679581847,0.06333818679581847
PC9,0.024113027221014972,speed_1s_stage3_col2_std_over_mean,-0.06332693440056604,0.06332693440056604
PC9,0.024113027221014972,speed_1s_stage4_rows,0.030386111117071263,0.030386111117071263
PC9,0.024113027221014972,speed_1s_stage4_col1_mean,0.051247210492114476,0.051247210492114476
PC9,0.024113027221014972,speed_1s_stage4_col1_std_over_mean,0.10118230459822906,0.10118230459822906
PC9,0.024113027221014972,speed_1s_stage4_col2_mean,0.07357163528276685,0.07357163528276685
PC9,0.024113027221014972,speed_1s_stage4_col2_std_over_mean,-0.07052103960226525,0.07052103960226525
PC9,0.024113027221014972,speed_1s_stage5_rows,0.07095890775095391,0.07095890775095391
PC9,0.024113027221014972,speed_1s_stage5_col1_mean,0.042931791687484976,0.042931791687484976
PC9,0.024113027221014972,speed_1s_stage5_col1_std_over_mean,-0.1289211322151878,0.1289211322151878
PC9,0.024113027221014972,speed_1s_stage5_col2_mean,-0.006391626502238479,0.006391626502238479
PC9,0.024113027221014972,speed_1s_stage5_col2_std_over_mean,0.00025742587426312287,0.00025742587426312287
PC9,0.024113027221014972,speed_10s_avg_rows,-0.07864972582871749,0.07864972582871749
PC9,0.024113027221014972,speed_10s_avg_stage2_rows,0.020020289751183765,0.020020289751183765
PC9,0.024113027221014972,speed_10s_avg_stage2_col1_mean,-0.055340374503950344,0.055340374503950344
PC9,0.024113027221014972,speed_10s_avg_stage2_col1_std_over_mean,0.21467978753984657,0.21467978753984657
PC9,0.024113027221014972,speed_10s_avg_stage2_col2_mean,0.07727524823702131,0.07727524823702131
PC9,0.024113027221014972,speed_10s_avg_stage2_col2_std_over_mean,-0.049813773890890006,0.049813773890890006
PC9,0.024113027221014972,speed_10s_avg_stage3_rows,-0.01954781958431659,0.01954781958431659
PC9,0.024113027221014972,speed_10s_avg_stage3_col1_mean,0.01843271702750297,0.01843271702750297
PC9,0.024113027221014972,speed_10s_avg_stage3_col1_std_over_mean,0.4691288511520873,0.4691288511520873
PC9,0.024113027221014972,speed_10s_avg_stage3_col2_mean,0.06330214258246389,0.06330214258246389
PC9,0.024113027221014972,speed_10s_avg_stage3_col2_std_over_mean,-0.030860024596859534,0.030860024596859534
PC9,0.024113027221014972,speed_10s_avg_stage4_rows,0.03038611111707126,0.03038611111707126
PC9,0.024113027221014972,speed_10s_avg_stage4_col1_mean,0.051255882005343534,0.051255882005343534
PC9,0.024113027221014972,speed_10s_avg_stage4_col1_std_over_mean,0.09493800051156338,0.09493800051156338
PC9,0.024113027221014972,speed_10s_avg_stage4_col2_mean,0.07358684340082679,0.07358684340082679
PC9,0.024113027221014972,speed_10s_avg_stage4_col2_std_over_mean,-0.06691432551885251,0.06691432551885251
PC9,0.024113027221014972,speed_10s_avg_stage5_rows,0.07095890775095388,0.07095890775095388
PC9,0.024113027221014972,speed_10s_avg_stage5_col1_mean,0.04297264373413682,0.04297264373413682
PC9,0.024113027221014972,speed_10s_avg_stage5_col1_std_over_mean,-0.06043574502847194,0.06043574502847194
PC9,0.024113027221014972,speed_10s_avg_stage5_col2_mean,-0.006376434490017003,0.006376434490017003
PC9,0.024113027221014972,speed_10s_avg_stage5_col2_std_over_mean,0.008553576980165012,0.008553576980165012
PC10,0.022725712047744404,stage_2_frames,0.2474097787706789,0.2474097787706789
PC10,0.022725712047744404,stage_3_frames,0.04399916077968426,0.04399916077968426
PC10,0.022725712047744404,stage_4_frames,0.034446683316776,0.034446683316776
PC10,0.022725712047744404,stage_5_frames,-0.14498095256024912,0.14498095256024912
PC10,0.022725712047744404,roam_mean,-0.0016325333385642515,0.0016325333385642515
PC10,0.022725712047744404,roam_std_over_mean,0.011163375032245862,0.011163375032245862
PC10,0.022725712047744404,roam_early_mean,0.03803909813371881,0.03803909813371881
PC10,0.022725712047744404,roam_mid_mean,-0.10953566326922165,0.10953566326922165
PC10,0.022725712047744404,roam_late_mean,0.03389883186032075,0.03389883186032075
PC10,0.022725712047744404,roam_slope,-0.025481222476002652,0.025481222476002652
PC10,0.022725712047744404,speed_1s_rows,0.08081668154304625,0.08081668154304625
PC10,0.022725712047744404,speed_1s_stage2_rows,0.0439991607796843,0.0439991607796843
PC10,0.022725712047744404,speed_1s_stage2_col1_mean,0.08732601529927603,0.08732601529927603
PC10,0.022725712047744404,speed_1s_stage2_col1_std_over_mean,-0.24008797564028025,0.24008797564028025
PC10,0.022725712047744404,speed_1s_stage2_col2_mean,-0.08086879882307968,0.08086879882307968
PC10,0.022725712047744404,speed_1s_stage2_col2_std_over_mean,0.09458216607105283,0.09458216607105283
PC10,0.022725712047744404,speed_1s_stage3_rows,0.034446683316776194,0.034446683316776194
PC10,0.022725712047744404,speed_1s_stage3_col1_mean,-0.16732054573932992,0.16732054573932992
PC10,0.022725712047744404,speed_1s_stage3_col1_std_over_mean,0.3469071991037281,0.3469071991037281
PC10,0.022725712047744404,speed_1s_stage3_col2_mean,0.11202467030917929,0.11202467030917929
PC10,0.022725712047744404,speed_1s_stage3_col2_std_over_mean,-0.07854346427134394,0.07854346427134394
PC10,0.022725712047744404,speed_1s_stage4_rows,-0.1449809525602492,0.1449809525602492
PC10,0.022725712047744404,speed_1s_stage4_col1_mean,0.2798133685983297,0.2798133685983297
PC10,0.022725712047744404,speed_1s_stage4_col1_std_over_mean,-0.24451755882164797,0.24451755882164797
PC10,0.022725712047744404,speed_1s_stage4_col2_mean,-0.17801358740145967,0.17801358740145967
PC10,0.022725712047744404,speed_1s_stage4_col2_std_over_mean,0.16599717666475688,0.16599717666475688
PC10,0.022725712047744404,speed_1s_stage5_rows,-0.09057631186422335,0.09057631186422335
PC10,0.022725712047744404,speed_1s_stage5_col1_mean,-0.10258190136668724,0.10258190136668724
PC10,0.022725712047744404,speed_1s_stage5_col1_std_over_mean,0.0034714319533102624,0.0034714319533102624
PC10,0.022725712047744404,speed_1s_stage5_col2_mean,0.054014627694815985,0.054014627694815985
PC10,0.022725712047744404,speed_1s_stage5_col2_std_over_mean,-0.03739347316739958,0.03739347316739958
PC10,0.022725712047744404,speed_10s_avg_rows,0.08081668154304622,0.08081668154304622
PC10,0.022725712047744404,speed_10s_avg_stage2_rows,0.04399916077968433,0.04399916077968433
PC10,0.022725712047744404,speed_10s_avg_stage2_col1_mean,0.08731950734703421,0.08731950734703421
PC10,0.022725712047744404,speed_10s_avg_stage2_col1_std_over_mean,-0.1850502790042726,0.1850502790042726
PC10,0.022725712047744404,speed_10s_avg_stage2_col2_mean,-0.08090597027079699,0.08090597027079699
PC10,0.022725712047744404,speed_10s_avg_stage2_col2_std_over_mean,0.09098242659261123,0.09098242659261123
PC10,0.022725712047744404,speed_10s_avg_stage3_rows,0.034446683316776146,0.034446683316776146
PC10,0.022725712047744404,speed_10s_avg_stage3_col1_mean,-0.16732018417700734,0.16732018417700734
PC10,0.022725712047744404,speed_10s_avg_stage3_col1_std_over_mean,0.1425040649523878,0.1425040649523878
PC10,0.022725712047744404,speed_10s_avg_stage3_col2_mean,0.11202073215793444,0.11202073215793444
PC10,0.022725712047744404,speed_10s_avg_stage3_col2_std_over_mean,-0.12820524780859938,0.12820524780859938
PC10,0.022725712047744404,speed_10s_avg_stage4_rows,-0.1449809525602492,0.1449809525602492
PC10,0.022725712047744404,speed_10s_avg_stage4_col1_mean,0.2798093301029095,0.2798093301029095
PC10,0.022725712047744404,speed_10s_avg_stage4_col1_std_over_mean,-0.16178757445378134,0.16178757445378134
PC10,0.022725712047744404,speed_10s_avg_stage4_col2_mean,-0.17797422655724007,0.17797422655724007
PC10,0.022725712047744404,speed_10s_avg_stage4_col2_std_over_mean,0.2759004360524984,0.2759004360524984
PC10,0.022725712047744404,speed_10s_avg_stage5_rows,-0.09057631186422337,0.09057631186422337
PC10,0.022725712047744404,speed_10s_avg_stage5_col1_mean,-0.10258339965514067,0.10258339965514067
PC10,0.022725712047744404,speed_10s_avg_stage5_col1_std_over_mean,-0.039455526147050037,0.039455526147050037
PC10,0.022725712047744404,speed_10s_avg_stage5_col2_mean,0.05393385015630013,0.05393385015630013
PC10,0.022725712047744404,speed_10s_avg_stage5_col2_std_over_mean,-0.01717118825710824,0.01717118825710824
