dataset,feature_space,run,seed,test_mae,test_rmse,test_r2
SI216,regular,1,42,1.967878787878788,2.4290630857899664,0.32773818790541964
SI216,pca10,1,42,2.4575757575757566,2.868892018557236,0.06224528143963193
SI216,regular,2,43,2.842424242424242,3.2530970480513495,-0.7735449984610647
SI216,pca10,2,43,3.042121212121212,3.3652872961841735,-0.8979836411203446
SI216,regular,3,44,2.5906060606060604,3.0851038323799824,-0.44318514341409054
SI216,pca10,3,44,2.1993939393939392,2.602267465038127,-0.02680114174324677
SI216,regular,4,45,2.982424242424243,3.5214098416298087,-0.14015167173252285
SI216,pca10,4,45,2.888181818181818,3.3934519536330794,-0.05879745862884156
SI216,regular,5,46,2.119090909090909,2.5236959829070957,0.24445685185185195
SI216,pca10,5,46,2.1896969696969695,2.5494289318959016,0.22897045751633993
SI216,regular,6,47,2.6633333333333336,3.187589095605681,-0.10960977737665445
SI216,pca10,6,47,2.3778787878787875,2.705399576529661,0.2007025170477339
SI216,regular,7,48,2.2036363636363636,2.5155239227764477,0.1473595397178914
SI216,pca10,7,48,2.1633333333333336,2.7459073310487137,-0.015969772333580545
SI216,regular,8,49,2.485151515151515,2.774078607612286,-0.6393608568075115
SI216,pca10,8,49,2.586060606060606,2.9575027002899295,-0.8633195226917065
SI216,regular,9,50,1.7257575757575758,2.135394600772911,0.3800571660424472
SI216,pca10,9,50,2.033333333333333,2.3752635154181876,0.23295832709113629
SI216,regular,10,51,2.2036363636363636,2.7189213547532654,-0.2527962651727358
SI216,pca10,10,51,1.9196969696969697,2.4472749223278014,-0.014968767507002934
SI216,regular,11,52,2.9151515151515155,3.2787069390110473,0.0024998295841854867
SI216,pca10,11,52,2.790909090909091,3.210371135598317,0.04364691547375599
SI216,regular,12,53,1.3457575757575755,1.4625379214629517,0.4196836821126061
SI216,pca10,12,53,1.1854545454545455,1.5058384690761142,0.38481280518186345
SI216,regular,13,54,2.1551515151515157,2.432361781969088,0.24003986789337117
SI216,pca10,13,54,2.277272727272727,2.4943902718465747,0.2007856451993395
SI216,regular,14,55,1.6490909090909092,2.2673501643276825,-1.0462042397660825
SI216,pca10,14,55,2.20939393939394,2.9102783719122476,-2.3711715277777783
SI216,regular,15,56,2.070909090909091,2.475439762992026,-0.15134168391994485
SI216,pca10,15,56,2.062121212121212,2.301865953674729,0.00445805728088311
SI216,regular,16,57,2.647878787878788,3.00899493270602,-0.006930249183006554
SI216,pca10,16,57,2.55969696969697,2.983050604513928,0.010358915441176397
SI216,regular,17,58,2.216666666666667,2.5505176737361386,-0.10550841136079936
SI216,pca10,17,58,2.294848484848485,2.76033832650414,-0.2948814450686643
SI216,regular,18,59,2.8981818181818184,3.407965416906147,-3.8795889660493836
SI216,pca10,18,59,2.5330303030303027,3.1675091383315914,-3.215301427469135
SI216,regular,19,60,2.5321212121212118,2.9042247179103087,-0.07655808720112511
SI216,pca10,19,60,2.7293939393939395,3.1283456434106616,-0.24912671120487584
SI216,regular,20,61,2.1784848484848482,2.430150055640452,0.14727787059135522
SI216,pca10,20,61,2.403636363636364,2.579584963876667,0.039182232829488406
SI216,regular,21,62,2.235454545454546,3.0241654663190585,-0.5586123787167454
SI216,pca10,21,62,2.056060606060606,2.9596670915711605,-0.4928382316118938
SI216,regular,22,63,2.8100000000000005,3.1940005312991717,-0.3359289682539679
SI216,pca10,22,63,3.025151515151515,3.309110320178388,-0.433956216931217
SI216,regular,23,64,2.7375757575757578,3.183236393891277,0.02845303750660333
SI216,pca10,23,64,3.0821212121212116,3.427139308283782,-0.12613260257087533
SI216,regular,24,65,2.7199999999999998,3.2860036825938286,-0.2256437565144882
SI216,pca10,24,65,2.963333333333333,3.5888721111657116,-0.46198908692933083
SI216,regular,25,66,2.7330303030303025,3.1932465035326087,-5.1690780555555556
SI216,pca10,25,66,2.5936363636363637,3.1340497246801426,-4.942471944444445
SI216,regular,26,67,2.522121212121212,2.868537972732817,-0.44297061191626397
SI216,pca10,26,67,2.412424242424242,2.776160599959533,-0.35152925925925915
SI216,regular,27,68,2.6390909090909087,3.026609097036257,-0.03203340575212099
SI216,pca10,27,68,2.4133333333333336,2.834035563601413,0.09511855990068252
SI216,regular,28,69,2.08,2.27129829824177,0.35912288386949553
SI216,pca10,28,69,2.26969696969697,2.578899224886698,0.173781040383299
SI216,regular,29,70,2.2933333333333334,2.7549796970782072,-0.12546505991285395
SI216,pca10,29,70,2.608484848484849,3.0119294799047323,-0.3451936546840957
SI216,regular,30,71,2.476969696969697,2.829995181492846,-0.7748600732600726
SI216,pca10,30,71,3.088181818181818,3.294668941539261,-1.4055605413105403
SI216,regular,31,72,2.5824242424242425,2.8852473941158885,-0.08777856971442266
SI216,pca10,31,72,2.5484848484848484,2.89762494174631,-0.0971316054715623
SI216,regular,32,73,2.4430303030303033,2.9327991937927,-0.0007294658119658681
SI216,pca10,32,73,2.6224242424242425,3.255207172727066,-0.2328473290598292
SI216,regular,33,74,2.8484848484848486,3.2975616948456223,-0.7176807948941109
SI216,pca10,33,74,2.9139393939393936,3.19916687387024,-0.6167035393095441
SI216,regular,34,75,2.8421212121212123,3.346566610842832,-0.1783830241545894
SI216,pca10,34,75,2.737878787878788,3.178680400875352,-0.06311747826086922
SI216,regular,35,76,2.3433333333333333,2.8237576154314437,-0.06963021680216808
SI216,pca10,35,76,2.5812121212121215,3.085850733181167,-0.2774051490514904
SI216,regular,36,77,2.1709090909090905,2.86103957937451,-0.1707461518255846
SI216,pca10,36,77,2.0812121212121215,2.9378632378040344,-0.23446322563698474
SI216,regular,37,78,4.016666666666666,4.3822480509206665,-1.8200192421790722
SI216,pca10,37,78,3.8184848484848484,4.314683995357943,-1.7337333198489753
SI216,regular,38,79,2.179090909090909,2.4543350639349564,0.21626340501792107
SI216,pca10,38,79,2.303636363636364,2.709320612592423,0.04495634408602145
SI216,regular,39,80,3.2196969696969693,3.8715521643930044,-0.410310152064973
SI216,pca10,39,80,4.091212121212121,4.642643469386636,-1.0280332382927249
SI216,regular,40,81,2.77,3.002723174827554,0.10428742017879944
SI216,pca10,40,81,2.8012121212121213,3.203668982509733,-0.01960828316000751
SI216,regular,41,82,2.15,2.5963013708121037,0.24056380095178986
SI216,pca10,41,82,2.0633333333333335,2.6246279197577165,0.22390197599834483
SI216,regular,42,83,2.156969696969697,2.638150561252785,0.04519223985890619
SI216,pca10,42,83,1.8363636363636366,2.4081884721034017,0.20439458301839242
SI216,regular,43,84,2.643939393939394,3.0089564955178716,-0.0999117692994198
SI216,pca10,43,84,2.547272727272727,2.8744703508611456,-0.0037873047746543875
SI216,regular,44,85,2.516666666666667,3.139895610437462,0.13680732432867038
SI216,pca10,44,85,2.6896969696969695,3.3195606378379097,0.0351972342820388
SI216,regular,45,86,2.653030303030303,3.080591081942135,-0.329045151748971
SI216,pca10,45,86,2.6206060606060606,3.2395996759794348,-0.4697867283950614
SI216,regular,46,87,2.859393939393939,3.301546010675311,-3.2003978768577497
SI216,pca10,46,87,1.8048484848484847,2.3764994203553877,-1.1763620665251238
SI216,regular,47,88,3.005151515151515,3.6718865049250238,-0.5962943357251571
SI216,pca10,47,88,2.9372727272727275,3.6855827493111866,-0.6082249945640354
SI216,regular,48,89,1.7478787878787878,2.4736882045507134,-0.3035477699530513
SI216,pca10,48,89,2.247878787878788,2.8685078653783354,-0.7528676447574334
SI216,regular,49,90,3.2409090909090916,3.6300205915324364,-0.7218390808735304
SI216,pca10,49,90,3.1709090909090913,3.693272070381301,-0.7823664026877846
SI216,regular,50,91,1.8790909090909091,2.3337084114119633,0.25621942563330846
SI216,pca10,50,91,2.070909090909091,2.494840332131153,0.14996430900426394
SI216,regular,51,92,1.6209090909090909,1.9747443256065205,0.07841126302083334
SI216,pca10,51,92,1.6884848484848483,2.2063640733665024,-0.1504553385416667
SI216,regular,52,93,2.5945454545454543,3.1116658957003476,-0.7279914782038674
SI216,pca10,52,93,2.710606060606061,3.1457370545170518,-0.766039904949197
SI216,regular,53,94,2.63030303030303,3.4238557035581794,-0.13476586666666646
SI216,pca10,53,94,2.828181818181818,3.448116013188077,-0.15090399111111097
SI216,regular,54,95,2.70969696969697,3.3825129621915626,0.0011481481481482314
SI216,pca10,54,95,2.566060606060606,3.2685439874628885,0.06732398589065247
SI216,regular,55,96,2.3924242424242426,3.0196573154962967,-0.5539689671361498
SI216,pca10,55,96,2.1303030303030304,2.754926532962395,-0.2934423161189359
SI216,regular,56,97,2.2018181818181817,2.5983390187898223,0.09633269419862323
SI216,pca10,56,97,2.2881818181818185,2.763279598848828,-0.022036959193707073
SI216,regular,57,98,2.3230303030303032,2.8563751132998596,-0.4433104288499019
SI216,pca10,57,98,2.1706060606060604,2.655435249377465,-0.2473855263157887
SI216,regular,58,99,2.5106060606060603,2.9490256908430834,-0.05230705555555559
SI216,pca10,58,99,2.3784848484848484,2.7836000598019273,0.06244005555555565
SI216,regular,59,100,3.5733333333333337,4.051498288761626,-0.9941478357875948
SI216,pca10,59,100,2.838787878787879,3.318578252228146,-0.33792003569834894
SI216,regular,60,101,2.0603030303030305,2.474586997476712,-0.03774968876439466
SI216,pca10,60,101,2.2790909090909093,2.857623686091843,-0.3838761749144104
SI216,regular,61,102,2.534545454545454,3.02736709289632,-0.22672470501474917
SI216,pca10,61,102,3.238181818181818,3.667776966881694,-0.800622935103245
SI216,regular,62,103,2.084848484848485,2.3880121482526047,0.2532306878306879
SI216,pca10,62,103,1.8299999999999998,2.304160707428318,0.3047533068783067
SI216,regular,63,104,2.286969696969697,2.943080396832921,-0.05016872634157199
SI216,pca10,63,104,2.603030303030303,3.314112767294353,-0.33164785125807184
SI216,regular,64,105,3.1706060606060604,3.79948866841502,-0.15374492147365326
SI216,pca10,64,105,3.5548484848484847,4.195765662539972,-0.40696062674299127
SI216,regular,65,106,2.595151515151515,3.3355041416235536,0.018807482993197455
SI216,pca10,65,106,2.9706060606060603,3.593562566477996,-0.13888973922902492
SI216,regular,66,107,2.402424242424243,2.8082094658412506,0.24388994541292497
SI216,pca10,66,107,2.602727272727272,3.046569357241822,0.11008576333861586
SI216,regular,67,108,2.891818181818182,3.189256745051829,0.0896934993425379
SI216,pca10,67,108,3.0593939393939396,3.448255597641606,-0.06416158777120318
SI216,regular,68,109,3.348181818181818,4.054515253318693,-0.18259831549742334
SI216,pca10,68,109,3.2118181818181815,3.9282567393312027,-0.11009234377064336
SI216,regular,69,110,2.6424242424242426,3.0579616238483593,-0.42504615169325555
SI216,pca10,69,110,3.2796969696969698,3.526728962043606,-0.8954356143296947
SI216,regular,70,111,3.266969696969696,3.91865996988715,-1.464275081049219
SI216,pca10,70,111,2.973333333333333,3.591588939607526,-1.070080695549661
SI216,regular,71,112,1.8769696969696972,2.4013771301509723,0.26241007751937984
SI216,pca10,71,112,2.244545454545454,2.6156859771985497,0.12488436692506466
SI216,regular,72,113,2.9327272727272726,3.6240916660648095,-0.5611187513643314
SI216,pca10,72,113,3.016363636363636,3.5039123876321483,-0.459298275485702
SI216,regular,73,114,2.5887878787878793,2.961464113739975,-0.07192185185185185
SI216,pca10,73,114,2.5818181818181816,2.8972181014332916,-0.025917777777777706
SI216,regular,74,115,2.7403030303030302,3.236440400292653,-0.18894945799458007
SI216,pca10,74,115,2.7542424242424244,3.2477723523247826,-0.19728992078382324
SI216,regular,75,116,2.6981818181818182,2.9778200283449165,-0.0065261413383364
SI216,pca10,75,116,2.459090909090909,3.049856926599553,-0.055813227016885625
SI216,regular,76,117,2.2715151515151515,2.8535977645807407,0.11073515844364235
SI216,pca10,76,117,2.4560606060606056,3.02231348272789,0.0024730746089050015
SI216,regular,77,118,3.1209090909090906,3.404155956735499,-0.7659718024069415
SI216,pca10,77,118,2.748484848484849,3.0724060258824495,-0.43854047019311504
SI216,regular,78,119,1.7896969696969698,2.083589075212153,0.05859757068896854
SI216,pca10,78,119,2.050606060606061,2.415543730747079,-0.265263500597372
SI216,regular,79,120,2.5072727272727273,3.0559139551057557,-0.22291322751322773
SI216,pca10,79,120,2.6045454545454545,3.10885879870782,-0.26565515873015877
SI216,regular,80,121,3.1560606060606062,3.461494539132547,-0.3913774258903817
SI216,pca10,80,121,3.355151515151516,3.6612888937690182,-0.5566309021113245
SI216,regular,81,122,2.4227272727272724,2.802206381775012,0.1378079552329099
SI216,pca10,81,122,2.266666666666666,2.6512688024088136,0.22818840492034675
SI216,regular,82,123,2.425757575757576,2.727066170629143,0.2599805281432749
SI216,pca10,82,123,2.591818181818182,2.9217787234989077,0.15053314144736862
SI216,regular,83,124,2.3448484848484847,2.7725745611199883,-5.643910952380953
SI216,pca10,83,124,2.0745454545454547,2.3264895304629105,-3.677992698412699
SI216,regular,84,125,2.8651515151515152,3.3191052402657553,0.11252222961976621
SI216,pca10,84,125,3.114848484848485,3.6257659587842666,-0.059046360408344656
SI216,regular,85,126,2.186060606060607,2.5264295883017334,0.10817041313831122
SI216,pca10,85,126,2.4057575757575758,2.937327686757802,-0.20551404926866845
SI216,regular,86,127,3.036060606060606,3.2029177039352446,0.1555778911564627
SI216,pca10,86,127,2.748181818181818,3.011654298913077,0.2534166969009827
SI216,regular,87,128,1.7760606060606057,2.3584905719077565,0.3362329278983126
SI216,pca10,87,128,2.0290909090909093,2.591887499117353,0.1983593907516984
SI216,regular,88,129,2.5233333333333334,2.823126177509857,0.07626914644529559
SI216,pca10,88,129,2.383030303030303,2.935126862159402,0.0015217113665388915
SI216,regular,89,130,2.331212121212121,2.664865869234341,0.0008340439276484091
SI216,pca10,89,130,2.338181818181819,2.864505880495612,-0.15447984496124034
SI216,regular,90,131,2.042121212121212,2.4307364723432685,0.02863307669082149
SI216,pca10,90,131,2.761818181818182,3.3451236935653856,-0.8396360809178749
SI216,regular,91,132,2.919090909090909,3.5469077441420076,-0.165579709035222
SI216,pca10,91,132,2.9851515151515158,3.659557709104015,-0.24079316828313768
SI216,regular,92,133,2.601818181818182,2.8422320152096714,-0.009785353535353591
SI216,pca10,92,133,2.726363636363636,3.0031560839634133,-0.1273683080808079
SI216,regular,93,134,2.356060606060606,2.5553257911643863,0.08554111368312789
SI216,pca10,93,134,1.8245454545454545,2.0647432398399195,0.40295958076131677
SI216,regular,94,135,1.887272727272727,2.1737729616703048,0.010795924644367627
SI216,pca10,94,135,1.7430303030303032,2.0643197818206755,0.10790422914263742
SI216,regular,95,136,2.2906060606060605,2.86638282597606,-0.055365404576551036
SI216,pca10,95,136,2.8000000000000003,3.4850546711071924,-0.5601043878273175
SI216,regular,96,137,2.532121212121212,2.895187577880078,-0.2045551596727373
SI216,pca10,96,137,2.565757575757576,3.1310738145759567,-0.4088342174716286
SI216,regular,97,138,2.317878787878788,2.897737013253584,0.1490599199702214
SI216,pca10,97,138,2.5721212121212123,3.1282738003085617,0.008276605248464408
SI216,regular,98,139,1.9633333333333332,2.585928706041076,0.2617424270072993
SI216,pca10,98,139,2.152121212121212,2.6865847043667492,0.2031512570965126
SI216,regular,99,140,3.034545454545454,3.6443261560010143,-0.2733872336678991
SI216,pca10,99,140,3.060909090909091,3.8004674087870463,-0.3848414069378412
SI216,regular,100,141,3.807878787878788,4.1988646854196965,-0.3780918748205573
SI216,pca10,100,141,3.7375757575757573,4.14949917873753,-0.34587826586276194
