worm_id,cam_id,well_id,recording_id,timestamp,experiment_id,stage_1_frames,stage_2_frames,stage_3_frames,stage_1_prop,stage_2_prop,stage_3_prop,stage_1_3_frames,death_day,early_ratio,early_roam_mean,early_roam_std,early_roam_median,early_roam_p10,early_roam_p90,early_roam_slope,early_speed_1s_rows,early_speed_1s_col1_mean,early_speed_1s_col1_std,early_speed_1s_col1_median,early_speed_1s_col1_p10,early_speed_1s_col1_p90,early_speed_1s_col2_mean,early_speed_1s_col2_std,early_speed_1s_col2_median,early_speed_1s_col2_p10,early_speed_1s_col2_p90,early_speed_1s_col3_mean,early_speed_1s_col3_std,early_speed_1s_col3_median,early_speed_1s_col3_p10,early_speed_1s_col3_p90,early_speed_10s_avg_rows,early_speed_10s_avg_col1_mean,early_speed_10s_avg_col1_std,early_speed_10s_avg_col1_median,early_speed_10s_avg_col1_p10,early_speed_10s_avg_col1_p90,early_speed_10s_avg_col2_mean,early_speed_10s_avg_col2_std,early_speed_10s_avg_col2_median,early_speed_10s_avg_col2_p10,early_speed_10s_avg_col2_p90,early_speed_10s_avg_col3_mean,early_speed_10s_avg_col3_std,early_speed_10s_avg_col3_median,early_speed_10s_avg_col3_p10,early_speed_10s_avg_col3_p90,early_speed_av2_rows,early_speed_av2_col1_mean,early_speed_av2_col1_std,early_speed_av2_col1_median,early_speed_av2_col1_p10,early_speed_av2_col1_p90,early_speed_av2_col2_mean,early_speed_av2_col2_std,early_speed_av2_col2_median,early_speed_av2_col2_p10,early_speed_av2_col2_p90,early_speed_av2_col3_mean,early_speed_av2_col3_std,early_speed_av2_col3_median,early_speed_av2_col3_p10,early_speed_av2_col3_p90,early_speed_av2_col4_mean,early_speed_av2_col4_std,early_speed_av2_col4_median,early_speed_av2_col4_p10,early_speed_av2_col4_p90,early_speed_av2_col5_mean,early_speed_av2_col5_std,early_speed_av2_col5_median,early_speed_av2_col5_p10,early_speed_av2_col5_p90,early_speed_av2_col6_mean,early_speed_av2_col6_std,early_speed_av2_col6_median,early_speed_av2_col6_p10,early_speed_av2_col6_p90
cam034_w1,034,1,CAM034_2025-05-08-121710,2025-05-08-121710,SI206_2025-05-08,75596,113400,83160,0.11985743187107985,0.17979566080454595,0.13185015125666702,272156,21.89986111111111,0.4315068493150685,0.12157080378091767,0.18223580965570074,0.03477868112014453,0.0,0.3849768365320981,-0.0007052121587328853,239525,0.9479573280548215,1.0140793412660742,0.602854209410914,0.1542683736797918,2.1687145899002873,64.03902135461344,62.61473469801406,33.55557118654809,3.556796169229103,166.25560086206684,1.706013986013986,0.7526022401912658,2.0,1.0,3.0,239525,0.9479385270698458,0.7166181190825336,0.7562506272465607,0.32928502998536585,1.746752255869927,64.03127354147195,29.942668006621577,62.83176230491084,23.931382096557996,106.06781184023893,1.7059513620707651,0.7527025831773935,2.0,1.0,3.0,239348,0.9488061377454758,0.7163076696609094,0.7568741748023282,0.33004150691067774,1.7471264539250155,64.08581362668764,29.893467980696958,62.85745454939857,24.07929544066909,106.08380169840387,2.0525051389608437,0.8691896316881483,2.0,1.0,3.0,18.70148486722262,8.263842979609613,18.0,8.0,30.0,1.705525009609439,0.7524681098181605,2.0,1.0,3.0,0.12280863011180373,0.32821741343485406,0.0,0.0,1.0
cam034_w2,034,2,CAM034_2025-05-08-121710,2025-05-08-121710,SI206_2025-05-08,75596,117720,82080,0.11843779180166573,0.1844343199493636,0.12859640657019847,275396,22.16236111111111,0.43147208121827413,0.15363636430805822,0.22883644876134232,0.03505417463352454,0.0,0.5143403441682601,-0.0007102825688576407,242768,0.9879390012405947,1.099754889322004,0.5846520385405318,0.14598223715119046,2.3758569000778533,61.61210237122861,61.6711133508568,30.760296846001776,3.4807579610158887,164.3091647164448,1.6921587688657485,0.7530988766297595,2.0,1.0,3.0,242768,0.9879252370532073,0.8564180964059693,0.708695982981379,0.306846148412271,2.049451019555928,61.609235769024146,31.45679337729067,60.54634706784501,15.63400454374757,105.54410987914643,1.6920969814802609,0.7531966774423219,2.0,1.0,3.0,242691,0.9878568121938195,0.8564206359139869,0.7085960158958163,0.3068627384962661,2.0491760562512145,61.61755942919696,31.455730137388468,60.554168756237836,15.646459492378598,105.54970243824239,2.0844860336806885,1.0263668150318423,2.0,1.0,3.0,18.01865334932074,8.696099546596994,18.0,5.0,30.0,1.6918674363697046,0.7529084947609602,2.0,1.0,3.0,0.16095776110362559,0.36749198663934673,0.0,0.0,1.0
cam034_w4,034,4,CAM034_2025-05-08-121710,2025-05-08-121710,SI206_2025-05-08,75596,118800,88560,0.11724745485113748,0.18425574946181192,0.13735428596244162,282956,22.38736111111111,0.4388609715242881,0.11141159251678882,0.17311114784439724,0.01619778346121057,0.0,0.3706885660138976,-0.0009482470339801007,249769,0.9884252745439673,1.0516662428370753,0.6226042657034654,0.16185892380570607,2.2787657671155173,66.1556956145536,63.374094194010226,36.11116820150811,3.6143009202572185,167.23289526037854,1.69422546432904,0.7429389847426192,2.0,1.0,3.0,249769,0.9884063934862316,0.7744876252157569,0.7551239566093405,0.35223897772644464,1.9047954325750827,66.14867386533597,31.059885716547566,65.87209066252869,22.933332128342247,108.82282942449825,1.694165408837766,0.7430355112897605,2.0,1.0,3.0,249183,0.9905164705992754,0.7740307880575683,0.7563481563759082,0.35397901279422767,1.9063705652869138,66.29459758172597,30.94302790247441,65.98157044187572,23.3380403956176,108.85317864554533,2.1055248552268813,0.9246637473592877,2.0,1.0,3.0,19.31039436879723,8.555295505093675,19.0,7.0,31.0,1.6933699329408507,0.7434349162341568,2.0,1.0,3.0,0.13185490181914497,0.33833295240843536,0.0,0.0,1.0
cam034_w5,034,5,CAM034_2025-05-08-121710,2025-05-08-121710,SI206_2025-05-08,75596,119880,88560,0.11646710092500724,0.18469331788573295,0.1364401087083793,284036,22.53736111111111,0.43760399334442596,0.14764529065010426,0.23585005380841545,0.027082937999586366,0.0,0.4871379897785352,0.0009793122044765964,250944,0.9296062638132255,1.045280374895502,0.5298616034936254,0.14193143505551492,2.3200282861413575,65.89173737577303,62.40271511474851,38.03163042677528,3.6170576245997723,165.33853650775185,1.6917320198928845,0.7430258007508618,2.0,1.0,3.0,250944,0.9295564028354308,0.8090095903847467,0.6471562962835627,0.29671704608572735,1.993925199449097,65.8862294310942,32.82192161861869,66.57273979355939,16.195735974203412,109.85129177235005,1.6916722456006121,0.7431216635818312,2.0,1.0,3.0,250632,0.9315470273316847,0.8087631475765017,0.6487099299541812,0.29777622885279587,1.9968945088033039,65.99367008796602,32.72911242757161,66.64168797431668,16.68296490816566,109.86420361721952,2.0040896613361423,0.9917081134855825,2.0,1.0,3.0,19.228829518976028,9.048650997752995,19.0,6.0,31.0,1.691954738421271,0.7439871902900081,2.0,1.0,3.0,0.1381108557566472,0.34501630001901906,0.0,0.0,1.0
cam035_w1,035,1,CAM035_2025-05-08-121725,2025-05-08-121725,SI206_2025-05-08,75596,120960,86400,0.11646710092500724,0.18635722165046928,0.13311230117890663,282956,22.53736111111111,0.43594009983361065,0.10277082621871923,0.19777137270974207,0.0037220843672456576,0.0,0.36181342632955543,0.0006037610239948461,249990,0.9798549817028359,1.0566554363475351,0.6162692943189669,0.17109903462425588,2.2600120735305613,72.10422225158477,64.03156630042429,48.08246174211356,4.032516190515825,168.55108353856832,1.6867394695787832,0.7458404765680623,2.0,1.0,3.0,249990,0.9798299432308317,0.7755187978865342,0.7320223411599689,0.38808540500307115,1.8973027193317005,72.09794425961292,32.588433107178666,74.33122916883283,24.350551533662454,113.91903918652436,1.686679467178687,0.7459359404934935,2.0,1.0,3.0,249831,0.9809279124208152,0.774977650773979,0.7324933251797193,0.38927391074110984,1.8978971300354397,72.2093236041496,32.49300061090621,74.4068207137108,24.6829651160349,113.92453146905616,2.127826410653602,0.9074007144130506,2.0,1.0,3.0,20.945899428013337,8.982392168245799,22.0,8.0,32.0,1.6873646585091522,0.7468535882627189,2.0,1.0,3.0,0.10835724950066244,0.3108310730627066,0.0,0.0,1.0
cam035_w5,035,5,CAM035_2025-05-08-121725,2025-05-08-121725,SI206_2025-05-08,86396,129600,87480,0.12758655317238568,0.19138869034609454,0.12918736598361383,303476,23.51236111111111,0.4481658692185008,0.12502964068070146,0.19469525806097568,0.01694189994234834,0.0,0.44025776695919583,7.309922586057873e-05,264745,0.9579921639873847,1.1181350882006986,0.5396825396826443,0.13899137526637756,2.375776421442916,68.84014685448524,64.21829562416032,41.199914482816254,3.208882066980657,167.9597528910758,1.6905815029556743,0.7575299910817505,2.0,1.0,3.0,264745,0.9579646392419486,0.8716382449599283,0.6398586992533881,0.31437777653093624,2.077818133566687,68.83468469919423,35.00998045339044,71.83244820453663,14.614381074173314,113.95756790724342,1.6905248446618444,0.7576190314474687,2.0,1.0,3.0,262057,0.9745777012162627,0.8696652576610908,0.6510231784800169,0.323763297916972,2.096760260409636,69.79260903185586,34.188488314668234,72.44423602064997,17.891789334880578,114.07103575489712,2.0643753076620737,1.0490221965653042,2.0,1.0,3.0,20.278588246068605,9.44921217134847,21.0,6.0,33.0,1.7075636216548309,0.7622361160783656,2.0,1.0,3.0,0.14008402752073024,0.3470741891214349,0.0,0.0,1.0
cam036_w1,036,1,CAM036_2025-05-08-114558,2025-05-08-114558,SI206_2025-05-08,64796,124200,86400,0.10238340528002327,0.1962469741307934,0.13651963417794324,275396,21.97486111111111,0.4351535836177474,0.13958519347009676,0.19841171077954456,0.04471299093655589,0.0,0.4187667101509004,-0.00034830136219098865,247189,0.8815353312070738,0.9010464425688808,0.562644635968597,0.13794107374671555,2.065466881330111,63.56602315257628,63.36866398272358,31.536923867589486,3.3030949373492677,167.13593018839617,1.6456436168276096,0.7245175705242384,1.0,1.0,3.0,247189,0.881503193920246,0.626833850321865,0.7083738532898728,0.30815554623039804,1.6676509198978982,63.559531900842686,31.24345564083903,61.75836051331788,21.92141647050306,108.40539231624562,1.6455829345156945,0.7246135155533613,1.0,1.0,3.0,247176,0.881551295118019,0.6268155854885525,0.7084068835970799,0.3081969195480506,1.6676640255789166,63.563524016172636,31.24038952990413,61.76019798332028,21.93261341914249,108.4059260869609,1.9694590089652717,0.7895028483950357,2.0,1.0,3.0,18.55661552901576,8.636943689764012,18.0,7.0,31.0,1.6456937566754053,0.724529406089385,1.0,1.0,3.0,0.13752144221121793,0.3443970022276102,0.0,0.0,1.0
cam036_w2,036,2,CAM036_2025-05-08-114558,2025-05-08-114558,SI206_2025-05-08,75596,120960,83160,0.11744417999117568,0.18792063087640365,0.1291954337275275,279716,22.34986111111111,0.43456375838926176,0.14193646417920733,0.20330563681507405,0.03660049627791563,0.0,0.4684162895927602,8.046228168448177e-05,246854,0.9514964008314766,1.0838003911284555,0.5389466734204844,0.13000496951352847,2.3627115907102336,64.07671146054537,63.47451872758228,32.2698968882785,3.2096747671745485,166.59558346808177,1.683181151611884,0.7501805344039555,2.0,1.0,3.0,246854,0.9514542251508716,0.8482378432524247,0.6668026573417485,0.2727333374615992,2.0617472279217863,64.07455757771952,32.987177915440576,64.00551106312855,15.174443669057316,109.53367801364288,1.683120386949371,0.7502763635574553,2.0,1.0,3.0,246712,0.9528348914830952,0.8485059236050293,0.667567410791045,0.2734428932952222,2.0656495313991092,64.1228926694535,32.94491516432039,64.03478304285898,15.37323703530388,109.54461802050473,2.0368810596971367,1.023895370841121,2.0,1.0,3.0,18.711290897889036,9.108228307586565,19.0,5.0,31.0,1.6834081844417783,0.7507223924125837,2.0,1.0,3.0,0.15053179415674958,0.3575919086118973,0.0,0.0,1.0
cam036_w3,036,3,CAM036_2025-05-08-114558,2025-05-08-114558,SI206_2025-05-08,75596,124200,86400,0.11823772671250446,0.19425797208440992,0.1351359805804591,286196,22.19986111111111,0.44763513513513514,0.1624443365825182,0.20811308969213174,0.0716012084592145,0.0,0.5369244135534321,-0.00024964920068633296,252345,1.0040504098684513,1.0662805576695775,0.6202061571502334,0.14774721328670168,2.425189531965056,60.477645069800225,62.03662825872114,28.37518801425109,3.32484208482144,165.2305735879912,1.6733162931700647,0.7422352294429257,2.0,1.0,3.0,252345,1.0040151317910244,0.8096068276845031,0.7424773257158571,0.3043177312175281,2.144689529576118,60.47270536093194,32.44457053315103,58.5315498519739,14.026760508519233,106.97936791367715,1.6732568507400583,0.7423291869757345,2.0,1.0,3.0,252332,1.0040700759226409,0.809592423746927,0.742489434150817,0.3043482952112227,2.1446927749173823,60.476468604874846,32.44211176234561,58.53385556664415,14.036184874002833,106.97999689980827,2.108361206664236,0.9722993081215966,2.0,1.0,3.0,17.704401344260734,8.967195566337846,17.0,5.0,31.0,1.6733668341708543,0.7422455905465536,2.0,1.0,3.0,0.17677900543728103,0.3814815705560188,0.0,0.0,1.0
cam036_w6,036,6,CAM036_2025-05-08-114558,2025-05-08-114558,SI206_2025-05-08,97196,114480,84240,0.14777806834560814,0.17405688777527079,0.1280795966648219,295916,22.83736111111111,0.44991789819376027,0.07654512747409979,0.11632133968896506,0.02226179875333927,0.0,0.23538663171690724,3.068712979977703e-05,252174,0.8739840926289433,1.0096808568055224,0.5196180399038031,0.13791693030266577,2.055553126414654,70.13453800000251,64.67022207181003,42.287447681106386,3.7289046833212383,169.02875969662745,1.7580718075614457,0.7793840424182826,2.0,1.0,3.0,252174,0.8738921045961945,0.7357203876583425,0.6368793880205317,0.3179161234710178,1.722519097978277,70.13235730936691,31.309388911297273,70.95871488283917,26.860617570736974,111.96449512502582,1.7580123248233364,0.7794800505142974,2.0,1.0,3.0,252161,0.8739528951603123,0.7357151308445924,0.6369063000362891,0.31795938953266123,1.7226106898771638,70.13632305924956,31.305609419155154,70.95960988705782,26.8679463994989,111.96513108668502,1.9618418391424526,0.9060262967654926,2.0,1.0,3.0,20.373317047441912,8.655520218461055,21.0,8.0,32.0,1.7581267523526636,0.7793900481632904,2.0,1.0,3.0,0.09765586272262562,0.29684877496551226,0.0,0.0,0.0
cam037_w1,037,1,CAM037_2025-05-08-121357,2025-05-08-121357,SI206_2025-05-08,86396,115560,90720,0.13266465613080358,0.17744719272276102,0.139304338212261,292676,22.61236111111111,0.4494195688225539,0.1182573823005269,0.19449553097257227,0.022556390977443608,0.0,0.4174129353233837,0.00013393384243116978,253837,0.9176502512735032,1.023254476443498,0.5564023206729026,0.14630763689889997,2.141141863679764,67.2371335466295,63.53600936436643,38.57552870295398,3.603226507931185,167.46218162597648,1.7321706449414387,0.7555768443602561,2.0,1.0,3.0,253837,0.9175950295010661,0.7736787787250101,0.6767010355519152,0.31925764812134155,1.756142052704508,67.23534806069301,32.132606770624335,67.60329200672648,21.514450772485926,110.41669065732842,1.732111551901417,0.7556732029520998,2.0,1.0,3.0,253621,0.9189887839441785,0.7733969198222449,0.6779375434601459,0.32011095062386574,1.7575216675592544,67.31733625246781,32.05738803013757,67.65177961139133,21.80261531662798,110.42813391280085,2.0140840072391484,0.9418148644946814,2.0,1.0,3.0,19.59439872881189,8.862411277453743,20.0,7.0,32.0,1.7321948892244727,0.7560361871950776,2.0,1.0,3.0,0.12270671592652029,0.32810025570402795,0.0,0.0,1.0
cam037_w2,037,2,CAM037_2025-05-08-121357,2025-05-08-121357,SI206_2025-05-08,86396,115560,81000,0.1335505691619932,0.17863215626140025,0.12520945532341138,282956,22.46236111111111,0.4373956594323873,0.12184127471893816,0.20239391270881843,0.025498597787754415,0.0,0.42668831168831184,0.0006053903925518114,245156,0.8947283388336326,1.0217091990774514,0.5274592999080374,0.13516771969514577,2.1241175272967943,65.1892379109378,62.81172783896927,35.74491600992918,3.579507515114037,166.42000237500002,1.7269248968004047,0.7713965229752299,2.0,1.0,3.0,245156,0.8946946506728806,0.7625443220770745,0.6562184286556787,0.2952865385176975,1.7507091772946635,65.18366650686988,30.51848657160775,65.04209407558915,23.510869988489972,106.31300365771372,1.726863711269559,0.7714938314833385,2.0,1.0,3.0,245117,0.8947164405275375,0.762565519916396,0.6561983268044851,0.29532090052651233,1.7509077738536751,65.19035330588576,30.51531667972541,65.05018872675764,23.520214345098953,106.3172548889006,1.9792017689511539,0.9322001579615697,2.0,1.0,3.0,19.006711080830787,8.434356071105828,19.0,7.0,30.0,1.7268447312915873,0.7713340659133247,2.0,1.0,3.0,0.11463097214799463,0.3185760699933382,0.0,0.0,1.0
cam037_w3,037,3,CAM037_2025-05-08-121357,2025-05-08-121357,SI206_2025-05-08,75596,116640,86400,0.11666121395811085,0.18000111111796988,0.13333415638368137,278636,22.499861111111112,0.43,0.14137609916588592,0.2342745601675618,0.0341055341055341,0.0,0.5579150579150579,-0.000559239747366602,246119,0.866300705711051,0.9698461149462886,0.515729704752224,0.13413715298871762,2.0796365808379322,67.41434782702052,63.57720830684441,38.47523133623244,3.7241639550613317,167.66576273392263,1.7011892621049167,0.7481221998424823,2.0,1.0,3.0,246119,0.8662336015130926,0.74201401414871,0.622145569177132,0.29823066397215764,1.7512502644138206,67.41233813791104,32.190165938029864,67.95310306923392,20.937357411731853,110.50239767340464,1.7011283159772306,0.7482200464108213,2.0,1.0,3.0,245850,0.8686164195022729,0.7413202143745649,0.6239797796889847,0.2999477894955888,1.7529151771122922,67.550328198108,32.048713559483076,68.02163489088889,21.55428488465949,110.51968363922393,1.9475615212527964,0.9167014354683168,2.0,1.0,3.0,19.660471832418143,8.858285806888142,20.0,7.0,32.0,1.7023062843197072,0.7499234381280913,2.0,1.0,3.0,0.12842383567215782,0.3345611365705951,0.0,0.0,1.0
cam037_w5,037,5,CAM037_2025-05-08-121357,2025-05-08-121357,SI206_2025-05-08,97196,124200,83160,0.14586197167880233,0.18638685627502416,0.12479815594066836,304556,23.13736111111111,0.45705024311183146,0.091596495626203,0.17050784711073505,0.010876132930513595,0.0,0.3528880866425993,0.00012184673402363612,260121,0.8292953408815088,1.0128677003254898,0.4559215770436084,0.11932714428012725,2.018128905320391,68.73213047483694,63.55628775192168,40.97617181505711,3.9974980540441285,167.5633813534407,1.7254316260509532,0.7777775405651511,2.0,1.0,3.0,260121,0.829254401443017,0.7850779639416172,0.5647957899660526,0.26313951319334883,1.7362306508747336,68.72802461231254,31.757109455115305,69.87905866317392,22.768488529851993,110.91422653938868,1.725373960579884,0.7778683882677245,2.0,1.0,3.0,260107,0.8293021908781327,0.7850738342379318,0.5648333690988114,0.26319016130504913,1.7362558255278608,68.73207470963906,31.753705608137683,69.88185125332781,22.78123285026141,110.91521970135777,1.8895723682945864,0.9722219773997842,2.0,1.0,3.0,19.98557901171441,8.777796417865478,20.0,7.0,32.0,1.7254783608284283,0.7777829761934334,2.0,1.0,3.0,0.10985094595685621,0.3127038785004754,0.0,0.0,1.0
cam037_w6,037,6,CAM037_2025-05-08-121357,2025-05-08-121357,SI206_2025-05-08,86396,115560,84240,0.13467473921149278,0.18013580331589546,0.13131395008074623,286196,22.27486111111111,0.44612794612794615,0.14002780431459358,0.22369745194613008,0.02727272727272727,0.0,0.4925826630920466,-0.0016462898800321515,247641,0.9620988775983712,1.050766990974541,0.5683595387811219,0.14333803621380486,2.347083978108614,64.86886787896509,63.75683560346567,33.6094925803943,3.1069105640813457,167.19007436887523,1.7266163518964954,0.7649286025086163,2.0,1.0,3.0,247641,0.9620907909847629,0.80166682269955,0.6933215135318547,0.3093180432009436,1.9919679314579757,64.86418684564212,33.7684870909698,65.42961036210559,12.18851506568913,110.18566377432018,1.7265557803433196,0.7650257246537805,2.0,1.0,3.0,240280,0.9576370436525633,0.803692823631875,0.6855288631127556,0.3082795860285649,1.9903448109930808,65.12236672251105,33.947821856974485,65.82801705866893,11.963473985855272,110.59452201646674,2.0411020476111204,0.9819964091763411,2.0,1.0,3.0,18.98650740802397,9.38397520147465,19.0,4.0,32.0,1.6889628766439155,0.7442592274803255,2.0,1.0,3.0,0.16525303812219078,0.3714087660699146,0.0,0.0,1.0
cam228_w1,228,1,CAM228_2025-05-08-141050,2025-05-08-141050,SI206_2025-05-08,53996,133920,83160,0.08546429543713477,0.21196715395475754,0.13162476495577685,271076,21.937361111111112,0.42905982905982903,0.06783348571283307,0.1494131535567893,0.0,0.0,0.22849968612680477,-0.00046104257272401074,247898,1.2378734387109285,1.3510846600701114,0.8830475780417413,0.0,2.6961149755510805,86.57016097977582,64.23464987713692,88.5738970329204,0.0,170.26361749227775,1.584167681869156,0.7011755374918912,1.0,1.0,3.0,247898,1.2378310979775426,0.8986381803937885,1.0388951009560323,0.3663701576765814,2.26823514432996,86.56183679331417,39.65468482893282,98.53473922606625,16.808550823991627,127.71617219126234,1.5841071731115217,0.701269088149996,1.0,1.0,3.0,230751,1.29955485759268,0.8449266680683649,1.0741904714443378,0.6451754141169768,2.269336374405301,92.46970691747921,33.954632070263976,101.62421911319373,37.999739378708256,128.34518518416937,2.447248332618277,0.9659841863794671,2.0,2.0,4.0,26.54062170911502,9.387978954752073,29.0,11.0,36.0,1.6036810241342399,0.6946717215589626,1.0,1.0,3.0,0.06905278850362512,0.25354388358526564,0.0,0.0,0.0
cam228_w2,228,2,CAM228_2025-05-08-141050,2025-05-08-141050,SI206_2025-05-08,64796,119880,78840,0.10525734410230086,0.19473810746008746,0.12807100760888634,263516,21.374861111111112,0.4280701754385965,0.04957007330598488,0.1092263434990249,0.0,0.0,0.14101738570508693,-0.0006010106866760488,235768,1.1494630533967858,0.9652201696128393,0.9114952505591837,0.24194233090909245,2.3534246126436593,89.8718691982991,61.188604398889396,93.00308677236393,5.896243453151471,169.37942766158474,1.648747921685725,0.7363768741807952,1.0,1.0,3.0,235768,1.149438941605002,0.5790195004252668,1.017797451949675,0.6677160073980842,1.8480073758679605,89.87009200729042,33.19447615572342,96.55032311999284,40.20416969816477,126.87338106266324,1.6486842998201623,0.7364761148552036,1.0,1.0,3.0,234315,1.1756536283633259,0.5779805753798767,1.0282502574131853,0.6857101561407747,1.8897942650557158,90.80362076210608,31.814900525031728,96.84689666217673,43.17329400635467,126.9324381163022,2.30267375114696,0.675478145358652,2.0,2.0,3.0,26.08233361073768,8.795177085260141,28.0,13.0,36.0,1.6692187866760557,0.7444053056717896,2.0,1.0,3.0,0.05781106629963938,0.23338583271685123,0.0,0.0,0.0
cam228_w3,228,3,CAM228_2025-05-08-141050,2025-05-08-141050,SI206_2025-05-08,32396,146880,82080,0.05216780784417291,0.236523262629711,0.13217476441072085,261356,21.562361111111112,0.42086956521739133,0.04587073690960166,0.1066465850069952,0.0,0.0,0.17873696407879494,-0.0003846259725302528,247711,0.9444073080475891,0.883099189187687,0.7699387074455573,0.0,1.9746516251821147,90.24747983199865,64.55070868656367,98.05434842957276,0.0,170.80672465372126,1.4828207063876857,0.6334002872937147,1.0,1.0,2.0,247711,0.9443443441128526,0.5704895133668287,0.8967348027873627,0.18116613103948542,1.49672066612201,90.23907587081132,40.597221454870244,101.66214046009011,14.40550823390054,131.7096862495168,1.4827601519512659,0.6334942372152051,1.0,1.0,2.0,240361,1.064327583932976,0.5926010343262044,0.9448540647027305,0.6071407441482051,1.6681665759147042,95.94252227287954,33.52334286035931,103.21570276760148,45.445159601831776,132.02600321820128,2.1872891192830783,0.6822138918486762,2.0,2.0,3.0,27.500463885572117,9.267828528751426,30.0,14.0,37.0,1.581375514330528,0.6953657012947697,1.0,1.0,3.0,0.048015277020814526,0.2137985271077164,0.0,0.0,0.0
cam228_w6,228,6,CAM228_2025-05-08-141050,2025-05-08-141050,SI206_2025-05-08,32396,149040,84240,0.05216780784417291,0.2400015459036773,0.13565304768468717,265676,21.562361111111112,0.42782608695652175,0.049078690882485024,0.11724345938223985,0.0,0.0,0.14995547640249332,-0.00018593260020261464,251806,1.0455752647948489,0.9639742578716045,0.8316507403501464,0.0,2.191564828858497,91.13930593125932,63.58337937244852,98.17666553877402,0.0,171.0385671858756,1.4817597674400134,0.6300060553123571,1.0,1.0,2.0,251806,1.0455348235495492,0.6086096448368861,0.9408270572466951,0.508919415652007,1.779793793198956,91.12992903806553,39.55684539902741,102.90434458886276,18.6601202066599,130.6675974084891,1.4817001977713,0.6300988750901686,1.0,1.0,2.0,243458,1.1564857569566278,0.5646300674580952,0.9936907941695303,0.6886295730544504,1.8911344038637399,97.9024078516368,30.691449487484835,104.77437073140175,53.10513067189629,131.00333578166254,2.295291179587444,0.6448458947427244,2.0,2.0,3.0,28.042454961430717,8.48639495303683,30.0,16.0,37.0,1.5898676568443018,0.696994690345453,1.0,1.0,3.0,0.04540824290021277,0.20819782510133972,0.0,0.0,0.0
cam229_w1,229,1,CAM229_2025-05-08-141115,2025-05-08-141115,SI206_2025-05-08,75596,126360,83160,0.11724745485113748,0.1959811153366545,0.12897902462326832,285116,22.38736111111111,0.44221105527638194,0.07721200106083026,0.1492838208590479,0.001484560570071259,0.0,0.2793321299638989,-0.00010642793990781257,251676,0.9924804803106326,0.9697152188597923,0.6708760953601908,0.21905351639260584,2.200667973804769,80.15060036075633,62.345586188487346,67.63573590337757,6.562522969961886,169.18845462934763,1.6654984980689458,0.7467983351980437,1.0,1.0,3.0,251676,0.9924231683184718,0.7138165697997602,0.7494316176744606,0.44661028493660426,1.8787111530165408,80.14559899699577,34.1213370902568,83.61841820067536,28.84977129489537,122.75776889486761,1.6654388976302865,0.7468913430652685,1.0,1.0,3.0,251539,0.9922056612108092,0.713794373582409,0.7491813038954915,0.4466148559869019,1.8784625163857158,80.1647280978707,34.11657072393344,83.64489933102213,28.876669156368695,122.762563520283,2.181761078798914,0.8062492794373233,2.0,1.0,3.0,23.144100914768686,9.430704723887114,24.0,9.0,35.0,1.6648909314261406,0.7464053646973889,1.0,1.0,3.0,0.09746003601827152,0.2965831711301043,0.0,0.0,0.0
cam231_w1,231,1,CAM231_2025-05-08-115315,2025-05-08-115315,SI206_2025-05-08,10786,113400,83160,0.019430523179356736,0.20428530767096734,0.14980922562537605,207346,19.27451388888889,0.3735408560311284,0.04965512741579133,0.14438020943738075,0.0,0.0,0.14777927321668938,-0.0013564115364563321,203315,2.4390113428900304,16.76913217907294,0.9198735890795311,0.3478253363331074,1.8804110022597331,108.50951587422844,56.656608961878504,122.88335677033139,20.739578644738188,173.22863749121282,1.4755576322455304,0.562111402044128,1.0,1.0,2.0,203315,2.434445304589481,8.261190415293163,0.9776509186672532,0.7532023850791728,1.5656996939277408,108.5023920915855,24.02176526405372,111.8875818139038,76.86656977912754,135.91586649225982,1.4754838551016896,0.5622394246017144,1.0,1.0,2.0,194484,1.8080765730046426,4.2346976941676955,0.9821518476873738,0.7562172340669955,1.53407466187662,107.99294010793743,24.137333684948615,111.36949460926346,76.12609726095982,135.574622463124,2.9788363053001787,4.708821049030328,2.0,2.0,3.0,30.830155694041668,6.6803597867318025,32.0,22.0,38.0,1.4268937290471195,0.4946265997167601,1.0,1.0,2.0,0.05066740708747249,0.21931762570870778,0.0,0.0,0.0
cam231_w5,231,5,CAM231_2025-05-08-115315,2025-05-08-115315,SI206_2025-05-08,32386,117720,77760,0.05543023212030137,0.20148357083930948,0.13309006514156224,227866,20.28701388888889,0.3900184842883549,0.06986889530783029,0.14481972353899644,0.0,0.0,0.2828747670296966,0.0007318233096412531,215232,1.2536616818985609,0.9585412859292454,1.0328729406274313,0.37264950076986725,2.403177734062843,96.50324459838124,59.2765492744807,102.66488276902703,13.07681205182791,171.08676198476687,1.5449096788581624,0.656990189537156,1.0,1.0,2.0,215232,1.2536097394529537,0.6446083875651588,1.046650693985305,0.7936655048988466,1.994531227236435,96.4953121999538,31.27864387689524,101.97723466338283,50.523411444532876,131.63938709330122,1.54483998661909,0.6571010184753602,1.0,1.0,2.0,214980,1.2575665771464397,0.6420965981142229,1.0481893229626011,0.7957031359489432,1.9970785045028823,96.71253167869833,30.921034428249268,102.01607587663835,51.39690085642356,131.6484351266738,2.360354451576891,0.7505469862934927,2.0,2.0,3.0,27.71595032096009,8.550469514356683,29.0,15.0,37.0,1.5482463484975346,0.6591583028510164,1.0,1.0,2.0,0.055805191180574934,0.22954514113322985,0.0,0.0,0.0
cam236_w1,236,1,CAM236_2025-05-08-115327,2025-05-08-115327,SI206_2025-05-08,53986,130680,87480,0.08443941152365073,0.20439636753807797,0.1368273204180522,272146,22.199513888888887,0.42567567567567566,0.09456089727777536,0.16020294415324215,0.020154373927958835,0.0,0.30214408233276147,-0.00034111001588487495,249161,0.7609889428736336,0.8214758273774737,0.4802882394792629,0.13067862058171437,1.7623802220053797,69.48214606481542,63.759569042771055,42.23885801102706,3.916265116933777,168.03926669252684,1.600013645795289,0.6992400956881232,1.0,1.0,3.0,249161,0.7609713304666211,0.5547321743611782,0.601506199965734,0.2882851767695772,1.399973356705266,69.47413218218011,30.884326805017107,69.14893936447788,27.87519036067496,111.82227628800908,1.5999534437572493,0.6993347938722533,1.0,1.0,3.0,248789,0.760330233605358,0.5545762306306296,0.6008875025039869,0.2881743988486639,1.397458443586941,69.52246423904603,30.875332258340435,69.20945934722474,27.93059951605725,111.83995685310452,1.8255429299526909,0.7325651506792393,2.0,1.0,3.0,20.202629537479552,8.53446348115357,20.0,9.0,32.0,1.598040910168858,0.697731856688237,1.0,1.0,3.0,0.09296632889717793,0.29038524512887987,0.0,0.0,0.0
cam236_w2,236,2,CAM236_2025-05-08-115327,2025-05-08-115327,SI206_2025-05-08,53986,122040,91800,0.08648470265576891,0.1955061147725343,0.14706212173155236,267826,21.67451388888889,0.4290657439446367,0.08638312259668661,0.1615562225626819,0.014145141451414513,0.0,0.26260762607626076,-0.0009376888059494825,244658,0.7417153270736092,0.7826395952406386,0.472011608539205,0.12939244052696044,1.7111067310653716,69.83598657693668,63.50422566652643,43.52580337769314,4.008410875691243,167.78227378095627,1.627218402831708,0.6970227787387208,2.0,1.0,3.0,244658,0.7416330150740396,0.5181007046032803,0.6001708175039273,0.28395931558242626,1.3751987563954309,69.83046274182476,31.457647465250247,69.97869532296735,26.928715182756864,112.79508722727635,1.627157092758054,0.6971219190416593,2.0,1.0,3.0,235657,0.7207743072013388,0.5003763064624434,0.5861699522356145,0.2823957953753413,1.3150534591684542,70.96678699567259,31.17623174450049,71.26582149511958,28.329277955306303,113.33072082327583,1.7780036239110233,0.6848051566702086,2.0,1.0,2.0,20.601696533521178,8.617890087413977,21.0,9.0,32.0,1.5764394862024043,0.657723633570197,1.0,1.0,2.0,0.08993155306228968,0.2860836745186524,0.0,0.0,0.0
cam236_w3,236,3,CAM236_2025-05-08-115327,2025-05-08-115327,SI206_2025-05-08,10786,122040,87480,0.01863298241734702,0.21082599427155854,0.1511230578406747,220306,20.09951388888889,0.3805970149253731,0.07495786169716544,0.14908077184571772,0.0076824583866837385,0.0,0.198731669605972,-0.0008191316572368963,216198,0.740017125473149,0.836052756689511,0.45695744889047313,0.11808732249931528,1.7045977035313515,73.44231362384161,64.25972618579021,50.70410861355586,3.8462825341242604,169.02233460279083,1.466489051702606,0.5574627614326514,1.0,1.0,2.0,216198,0.7399397370992093,0.6010248388605918,0.5872917522128622,0.28658557661628603,1.3297943777270411,73.43720660838659,31.63726862152235,75.23245212753281,29.74408937091466,114.00523095312018,1.4664196708572697,0.5575830316869822,1.0,1.0,2.0,214353,0.7539031958003267,0.5941306102086471,0.5959047157171938,0.3009661793336719,1.3343568070932017,75.29648383792178,29.955660709183697,76.37966365046653,34.300119113343754,114.39455179511292,1.819382047370459,0.771982586859347,2.0,1.0,2.0,21.798813172663785,8.281340884207744,22.0,10.0,33.0,1.4983835075786203,0.5833498374589947,1.0,1.0,2.0,0.07217533694419952,0.25877800849606747,0.0,0.0,0.0
cam236_w6,236,6,CAM236_2025-05-08-115327,2025-05-08-115327,SI206_2025-05-08,10786,113400,82080,0.018951200570679578,0.1992458876984113,0.14421607109599294,206266,19.762013888888887,0.36242884250474383,0.0841186172834964,0.16409370914728774,0.01369020346518692,0.0,0.2819324950363997,0.000815542559268049,202355,0.7179018010766981,0.765939895868812,0.45862918487957555,0.13467600935058274,1.6295270492843057,77.02848009550742,63.85819639680379,58.60437410165536,5.223406224991605,169.27705317732023,1.4736626226186653,0.5633603074781167,1.0,1.0,2.0,202355,0.717867833775331,0.5338857633142018,0.5698644730198231,0.30318531469178506,1.2700155179613521,77.02193396389698,30.171929331693253,78.96823576216738,35.49423813380002,115.62650215399718,1.473588495465889,0.5634884029178967,1.0,1.0,2.0,202304,0.7182477419722335,0.5336803224153923,0.5700329246964535,0.3035236416345589,1.2702461702018533,77.0781041655951,30.119076967165476,79.00030700152325,35.643300559824446,115.63569941709954,1.7975818570072761,0.7163058298380744,2.0,1.0,2.0,22.289791600759255,8.328845942573368,23.0,11.0,33.0,1.4739748101866499,0.5640476940549445,1.0,1.0,2.0,0.06996895760835178,0.2550946933582752,0.0,0.0,0.0
cam241_w1,241,1,CAM241_2025-05-08-115304,2025-05-08-115304,SI206_2025-05-08,64786,154440,89640,0.09706843904792442,0.23139643945546023,0.13430702429932306,308866,23.17451388888889,0.4627831715210356,0.04625624740536518,0.11034309143266047,0.0,0.0,0.16151667322333585,7.507323627276384e-05,278878,1.0893844699684068,0.8948620584188812,0.8834939340368374,0.3154404845111345,2.0582436336151715,100.95829357120726,59.93148675499079,111.69369499585903,13.97360751225382,172.75328687220988,1.5710525749610942,0.7032743026392396,1.0,1.0,3.0,278878,1.089340529869241,0.6150521135531208,0.9073539206108819,0.6871122894478701,1.6852648053815975,100.95081575662904,30.67400396127162,106.5121613016469,57.50705840131395,135.47022028668445,1.5709987880004876,0.703356210738901,1.0,1.0,3.0,278539,1.0923825364162298,0.6132678306750776,0.9083591520721462,0.6888212520168161,1.6879170884260177,101.19662582095766,30.274502582070365,106.57755590819791,58.180511688762024,135.48515860469317,2.2457250151684325,0.6724535356803926,2.0,2.0,3.0,28.95272116292512,8.369028737590433,30.0,17.0,38.0,1.5719378614843882,0.7053218917556178,1.0,1.0,3.0,0.040428808892112054,0.19696273836357256,0.0,0.0,0.0
cam241_w2,241,2,CAM241_2025-05-08-115304,2025-05-08-115304,SI206_2025-05-08,10786,151200,90720,0.017707919475427922,0.24823265572823122,0.14893959343693872,252706,21.14951388888889,0.4148936170212766,0.06418809232289349,0.147952830504974,0.0,0.0,0.21996615905245348,0.00012577289080575394,248227,1.1033432629290545,0.9406877566362318,0.8825551121999164,0.3027768537727071,2.121024071608721,100.78964046878991,60.59029548907001,111.60739437660074,13.056049609360239,173.12293704930934,1.416360831013548,0.5421416465675057,1.0,1.0,2.0,248227,1.1033071871443774,0.692389996763382,0.8908851375324404,0.6760666064775448,1.7507504934772948,100.77868805913138,33.578277271226696,107.31529527083865,52.1740572817982,137.6329694237734,1.4163004024542052,0.5422437736120427,1.0,1.0,2.0,246853,1.1120119825147423,0.6872441484520878,0.893851323699213,0.6810011690094941,1.7559522698039949,101.58436174868099,32.4295547918986,107.5918100063763,54.90612980547113,137.6962851692374,2.275722798588634,0.7514236983390368,2.0,2.0,3.0,29.059517202545646,8.965872416547883,31.0,16.0,39.0,1.4157818620798612,0.5471027750384843,1.0,1.0,2.0,0.059148562099711165,0.23590254280369208,0.0,0.0,0.0
cam241_w3,241,3,CAM241_2025-05-08-115304,2025-05-08-115304,SI206_2025-05-08,10786,141480,88560,0.018060164828724804,0.23689524568588777,0.1482855736354412,240826,20.73701388888889,0.40325497287522605,0.04935330198510688,0.11250306668497559,0.0,0.0,0.14273281114012185,4.9137600704737045e-06,236473,1.419706625602566,13.535240013438218,0.8847274826568974,0.30704588493894086,1.910432150955793,101.28021662295534,59.387322815311556,112.14428846836171,14.15305563297718,172.54293542530968,1.4289876645536699,0.5472354543719096,1.0,1.0,2.0,236473,1.41965569226161,3.390048253450801,0.9171614448442219,0.7087905160538963,1.5447757399352686,101.27222387688101,30.263402654532797,106.16780694697802,61.76463971770136,134.68420650098554,1.4289242323647944,0.547343122675338,1.0,1.0,2.0,234665,1.419947411371618,3.302229550768038,0.9198157922939117,0.715715612881657,1.5481887027886603,102.27456233106946,28.64518308205159,106.48836462892673,64.3237980378331,134.76946919252205,2.5899345876036053,3.662811760978228,2.0,2.0,3.0,29.25003302580274,7.919739821014689,30.0,19.0,38.0,1.427515820424861,0.5521773990586533,1.0,1.0,2.0,0.04439094027656446,0.2059620952940782,0.0,0.0,0.0
cam241_w4,241,4,CAM241_2025-05-08-115304,2025-05-08-115304,SI206_2025-05-08,10786,193320,85320,0.016562606529837567,0.2968554695297792,0.13101442509973496,289426,22.61201388888889,0.4444444444444444,0.03411929097837754,0.07665246011966066,0.001364877161055505,0.0,0.10527752502274795,-0.00024022423613675683,284627,1.3532886541412845,15.080910604151379,0.8276416616648847,0.0,1.8802162874177368,93.76113927382596,63.73666393037094,101.99036907141533,0.0,172.1726832554523,1.3418930740934627,0.5168709846765269,1.0,1.0,2.0,284627,1.3532431221398202,3.824902878942892,0.8825684707720933,0.40383997568529045,1.6205644214113673,93.75352795797689,41.40758201555381,104.81201270406517,5.800889906777686,136.03741598257585,1.3418403735415123,0.5169568149105981,1.0,1.0,2.0,271991,1.3472095334846652,2.9675021860944937,0.9241647190343234,0.707700957272031,1.6632258932510808,103.3294243484001,28.991871561168658,107.86422210816501,63.44819230587256,136.7238099678847,2.518594365254733,3.2912792533885926,2.0,2.0,3.0,29.542422359563368,8.012937636972387,31.0,19.0,39.0,1.4738097951770464,0.6398898951923562,1.0,1.0,2.0,0.03907849892092018,0.19378175828237243,0.0,0.0,0.0
cam241_w6,241,6,CAM241_2025-05-08-115304,2025-05-08-115304,SI206_2025-05-08,10786,142560,95040,0.017834407542502637,0.23571974218979938,0.1571464947931996,248386,20.999513888888888,0.4107142857142857,0.12520643736319143,0.19153787897458344,0.01567786411189987,0.0,0.4561695278969965,-0.0014559433660450345,243952,2.629288503582505,20.963615933654133,0.9958844539296152,0.34022603609358826,2.691755108347817,94.1578812050307,61.84845471998123,97.88819649887773,10.683883305398453,172.56669138699948,1.441734439561881,0.5466071008226633,1.0,1.0,2.0,243952,2.629233102587405,8.069973819400541,1.050021910786353,0.7315718403435726,2.690283261733096,94.14866197103035,35.03558433414907,100.37214332029134,40.49215689544704,134.47830436290812,1.4416729520561422,0.5467130222452706,1.0,1.0,2.0,242821,2.0495852375172015,4.579250584193418,1.0456331240116936,0.7332006174054664,2.57411927723236,94.29653199780117,34.655580355860785,100.284719840983,41.348247540314354,134.41116333665167,3.2843617314812144,5.091751923734216,2.0,2.0,4.0,27.045790932415237,9.579804966642577,29.0,12.0,38.0,1.4569127052437805,0.5601756735151963,1.0,1.0,2.0,0.13146309421343294,0.3379061246459777,0.0,0.0,1.0
cam245_w1,245,1,CAM245_2025-05-08-141101,2025-05-08-141101,SI206_2025-05-08,259196,99360,100440,0.3524821682339582,0.13512024967872224,0.1365889480447953,458996,25.5328125,0.6241934102038624,0.012403415521866096,0.03508593035437388,0.0,0.0,0.033572996033639106,-8.836999001925564e-06,297190,0.6165646748482232,0.6235970546755198,0.4137443304559526,0.12003605296457659,1.3802137820791995,85.82199516595416,64.41807164426694,80.81439890259281,6.069121599040733,171.52803111677238,2.001399777919849,0.8282249201535095,2.0,1.0,3.0,297190,0.6165397877771053,0.3609306227352898,0.5153155699306098,0.2852035951667892,1.0711749715063612,85.81929937922699,29.93664329972757,88.79485452693713,44.24696472136991,122.44751528319584,2.001349305158316,0.8283164101970341,2.0,1.0,3.0,296731,0.6178551478244261,0.3600422985297512,0.5159626719471492,0.2865813531376436,1.0715295702200545,86.03950598217126,29.673873526255925,88.93104964982525,44.562313550607854,122.4767521925742,1.6511015027078397,0.5773489679232163,2.0,1.0,2.0,24.767159481146223,8.2044475500896,26.0,13.0,35.0,2.0052741371814875,0.8296238491838537,2.0,1.0,3.0,0.012691629792640472,0.11193994964197113,0.0,0.0,0.0
cam245_w3,245,3,CAM245_2025-05-08-141101,2025-05-08-141101,SI206_2025-05-08,75596,143640,90720,0.1081865486664873,0.20556531893822735,0.1298307277504594,309956,24.26236111111111,0.4435857805255023,0.012259485764536353,0.053887939246991534,0.0,0.0,0.014890282131661443,-0.0002499180965226801,276412,0.5834906894660608,0.5203966296903724,0.423003627398731,0.12965858622666868,1.251904368894439,81.10138214635298,63.47137026784391,68.0004005430273,6.329117077226195,170.08724222545072,1.6325412789603924,0.7326595888720551,1.0,1.0,3.0,276412,0.583451418463371,0.2610898483501047,0.5289117823189358,0.30957261324573726,0.9281830596612791,81.09730515101808,27.21524682738014,81.41727204526586,44.7253059540815,117.38800940595954,1.6324870121412964,0.7327434674200035,1.0,1.0,3.0,276369,0.5834930353476369,0.2610727492410042,0.5289595322495548,0.30958794744609935,0.9282141445086007,81.10032763650919,27.210447179760838,81.4164898505675,44.73031893036179,117.38912428213534,1.6613874928085277,0.5058839673087652,2.0,1.0,2.0,23.402440215798443,7.52441778090779,23.0,13.0,33.0,1.632437067833223,0.7325724632282897,1.0,1.0,3.0,0.014249065560898654,0.11851594699254554,0.0,0.0,0.0
cam245_w4,245,4,CAM245_2025-05-08-141101,2025-05-08-141101,SI206_2025-05-08,75596,114480,82080,0.12131151750123564,0.183710018037217,0.13171661670592918,272156,21.63736111111111,0.43674176776429807,0.10341765456267758,0.18701960523306718,0.006564141958802993,0.0,0.371285695291841,-0.00034458904345092305,239129,0.9092302266386828,1.003531734116918,0.5484779930941832,0.1436774880030517,2.1643581111488577,69.10136525538752,63.557804082677585,42.12790712320831,3.6839197494641067,167.70039826306714,1.699354741582995,0.7525900768766475,2.0,1.0,3.0,239129,0.9092026791448875,0.7347337422543556,0.6790424365971529,0.3146299709705087,1.807025128517439,69.09382024951005,32.24480846065669,69.39978453240975,24.01251346355298,112.73191660415414,1.6992920139339018,0.7526900326729302,2.0,1.0,3.0,238156,0.9186895424468267,0.731828380775902,0.686574751745956,0.32184971646763066,1.812575319776736,69.65871160853388,31.669840525821844,69.69325467610871,25.947347016654398,112.79580320199747,2.014570281664119,0.899792551645945,2.0,1.0,3.0,20.240779153160112,8.755513795427227,20.0,8.0,32.0,1.7037068140210618,0.7591803858526749,2.0,1.0,3.0,0.10533011975343892,0.30697831458616937,0.0,0.0,1.0
cam245_w6,245,6,CAM245_2025-05-08-141101,2025-05-08-141101,SI206_2025-05-08,64796,123120,84240,0.1032645073277703,0.1962146759397969,0.1342521466956505,272156,21.78736111111111,0.43373493975903615,0.09111047138879608,0.18672764498821126,0.005357142857142857,0.0,0.31267356577000094,0.00023773828072651767,244041,0.8253350906114224,0.885310493540392,0.5138897607137544,0.14832783477623604,1.9215520351568804,73.46389824971064,63.03956941401051,52.29405798664391,4.764669410628124,167.62050704487314,1.6458750783679792,0.7276209364477306,1.0,1.0,3.0,244041,0.8252943352380696,0.6299127805610276,0.623803625130986,0.32327285577883835,1.6178606972174987,73.45823727681893,31.719306090940943,75.44212222045999,27.80982877985072,114.34881978224556,1.6458136132862922,0.727717724114032,1.0,1.0,3.0,243935,0.8262797404660985,0.6296314799577074,0.6244949216687686,0.32397907031161427,1.6184293501921472,73.5112500540945,31.656889163705237,75.46210937760364,27.978405605812842,114.35365219753858,1.920306639063685,0.7982773001485343,2.0,1.0,3.0,21.305741283538648,8.751935915626305,22.0,9.0,33.0,1.646286920696087,0.7283206984136308,1.0,1.0,3.0,0.08573185479738454,0.2799676836179218,0.0,0.0,0.0
cam302_w1,302,1,CAM302_2025-05-08-122159,2025-05-08-122159,SI206_2025-05-08,107996,143640,89640,0.1526669644725161,0.2030545832885682,0.12671827378158768,341276,24.562361111111112,0.48244274809160304,0.08701937900523493,0.16451183819908194,0.0066945606694560665,0.0,0.3213166144200627,5.463003026325794e-05,289162,0.7470488351671163,0.8292743533278514,0.44453603317203405,0.12057360697817189,1.7880231061769971,71.04444362244485,63.997951350491704,45.55805599342207,3.9994175552655777,168.24042580567414,1.696571472046811,0.773273973994831,2.0,1.0,3.0,289162,0.7470315958828642,0.5912528181963934,0.5616620630234499,0.26070479093145066,1.4920689606705266,71.0389033654397,31.836526945681772,71.42604219323876,27.273842855603725,113.70086999588845,1.6965195980108037,0.7733542384639113,2.0,1.0,3.0,289145,0.7470677738731806,0.591244888723149,0.5616821062633371,0.26072520264860066,1.4921107388503996,71.04268006194488,31.833331866368386,71.42894603288234,27.282511644905284,113.7013519471349,1.7880613533002472,0.7812302676496773,2.0,1.0,3.0,20.62254924000069,8.799881110072995,21.0,9.0,32.0,1.6965985924017362,0.773272831163856,2.0,1.0,3.0,0.0904494284874371,0.28682456201262313,0.0,0.0,0.0
cam302_w2,302,2,CAM302_2025-05-08-122159,2025-05-08-122159,SI206_2025-05-08,53996,130680,88560,0.0845966321779293,0.20473901572360545,0.1387487544573194,273236,22.16236111111111,0.428087986463621,0.07747122584814299,0.1502242571495449,0.007627118644067797,0.0,0.2634902411021814,-0.00027850235785062253,250110,0.7130259617878452,0.7597218360916652,0.44179147878889746,0.12709770324257988,1.6698869363525948,74.12815556936721,63.59721905432776,53.06198556190669,4.6913471375642475,168.45349246530373,1.601007556675063,0.69767099456946,1.0,1.0,3.0,250110,0.713003931048461,0.515348620689306,0.5564750967547949,0.2717245085737744,1.3665664016879475,74.123312604206,31.25463555541815,75.10171889418427,31.449247087149775,115.52970546220682,1.600947583063452,0.6977656310437443,1.0,1.0,3.0,250098,0.7130505703842959,0.5153326249109791,0.5564995438655063,0.2717577028569713,1.3665772600862898,74.1275454888658,31.25017350648937,75.10353792862946,31.45791333704423,115.53003716882998,1.7502778910667018,0.710704174309057,2.0,1.0,3.0,21.476761109645018,8.639075260854186,22.0,10.0,33.0,1.601060384329343,0.6976890290893424,1.0,1.0,3.0,0.08159201592975554,0.2737421393689215,0.0,0.0,0.0
cam302_w3,302,3,CAM302_2025-05-08-122159,2025-05-08-122159,SI206_2025-05-08,86396,122040,81000,0.13444839370304204,0.18991714856612865,0.12605120480052787,289436,22.312361111111112,0.4504201680672269,0.11612898965387589,0.1849719514423313,0.030583873957367932,0.0,0.39790897908979106,0.0002837830300987072,250510,0.9372524922840734,1.0247417301243884,0.5618329790607763,0.15055482257387726,2.2494482583131585,66.48855197135092,62.97120377110999,38.010876266015856,3.608078864359283,166.5301319528281,1.7023991058241188,0.766888044835778,2.0,1.0,3.0,250510,0.9372158356143746,0.7867628942754555,0.6758743166757342,0.324520868814044,1.9050217964302794,66.48357661226068,33.206228218996,66.93309538087516,18.066603726098077,111.53896095650059,1.7023392279749312,0.7669819188685802,2.0,1.0,3.0,250465,0.9374187491719285,0.7867081522820742,0.6759871829230328,0.3246955457960071,1.9052010732858735,66.49858147989104,33.19408616930254,66.94369625469447,18.12297459108373,111.54081563925607,2.040728245463438,0.9542203763976054,2.0,1.0,3.0,19.36715708781666,9.17592074653768,19.0,6.0,32.0,1.7024534366079094,0.7669805781942519,2.0,1.0,3.0,0.1337312598566666,0.34036334995680034,0.0,0.0,1.0
cam302_w4,302,4,CAM302_2025-05-08-122159,2025-05-08-122159,SI206_2025-05-08,53996,117720,88560,0.08710212351350828,0.18989669568135037,0.14285806464101589,260276,21.52486111111111,0.41986062717770034,0.160544345202647,0.2296846263887192,0.04614019520851819,0.0,0.509774055103794,-0.00045172171776587964,237595,0.9124941633920196,1.0432510325200455,0.5351899632923124,0.12552286203273222,2.1916453573644388,63.023730492577556,62.56916682467058,32.38999326615772,2.963528883161268,165.57348030915884,1.6364106988783433,0.7036284223130939,2.0,1.0,3.0,237595,0.9124539576791694,0.8119248630276726,0.6671013643855417,0.28864264317418,1.8188841222878736,63.01531211220734,32.61076271838198,63.32744320148157,14.943664759382557,107.32656989023526,1.6363475662366633,0.703730375868479,2.0,1.0,3.0,235650,0.9380055261256873,0.8189723059137047,0.6830293024611032,0.3035334010763336,1.8650999770687262,63.81132611700168,31.87192355789487,63.741554066823696,18.28616262899036,107.44316823822498,2.0261065138977297,0.9911841249529134,2.0,1.0,3.0,18.62655208996393,8.808733216337625,19.0,6.0,31.0,1.6422575854020793,0.7163857673354832,2.0,1.0,3.0,0.15337152556757905,0.36034525210227547,0.0,0.0,1.0
cam302_w5,302,5,CAM302_2025-05-08-122159,2025-05-08-122159,SI206_2025-05-08,75596,127440,85320,0.11627363278966894,0.1960144949827426,0.1312300432511582,288356,22.57486111111111,0.4435215946843854,0.10160203021678715,0.18654844966310163,0.011189634864546525,0.0,0.3415783274440518,-0.00030150915737624023,254816,0.8352670402080057,0.9421946467973549,0.5015457045390428,0.1314530736147744,1.9590422225162292,68.09720151345509,63.268277815713056,40.699616915177785,3.707829747211339,167.31632386426105,1.6649896395830717,0.7436139904645931,1.0,1.0,3.0,254816,0.8352231589107524,0.6974756298644362,0.6248599577425402,0.2920346439788505,1.6347816267912005,68.0922245846738,30.91571867650679,68.3326596124124,26.045626561356613,110.05249473727164,1.6649307735777974,0.7437062053808656,1.0,1.0,3.0,254213,0.8399201155359644,0.6958570049547265,0.6288361964521678,0.2956096004971563,1.6372709368746747,68.41672960936081,30.577419008435115,68.50566830781004,27.017353678804213,110.0857574042426,1.917490450921078,0.8665399162835411,2.0,1.0,3.0,19.896382167709756,8.454579521482739,20.0,8.0,31.0,1.6671767376176672,0.747572057960567,1.0,1.0,3.0,0.1001128974521366,0.30015047095727604,0.0,0.0,1.0
cam302_w6,302,6,CAM302_2025-05-08-122159,2025-05-08-122159,SI206_2025-05-08,86396,120960,88560,0.13028791342691173,0.182411523775629,0.13355129419287123,295916,23.02486111111111,0.44625407166123776,0.10592001268611778,0.16821235218039723,0.02357320099255583,0.0,0.38200992555831276,0.00035703257857079297,257350,0.8221283053423682,0.8536419632007377,0.5207693855751331,0.1427204600829246,1.9077185688055232,69.47622455157835,63.20749705970789,43.43956787884306,4.066146046440461,167.10980776096451,1.715904410336118,0.7584129617239905,2.0,1.0,3.0,257350,0.8221145568751793,0.5954580472826004,0.6554884084456447,0.2934814066514194,1.566160486568712,69.46877318209434,32.17133051993604,68.81494992449802,25.70226367481167,113.62489317358808,1.7158461239557024,0.758506399740749,2.0,1.0,3.0,257337,0.8221635187121809,0.5954401302217837,0.6555280481994417,0.29352731904336254,1.5661782450077562,69.47260779885683,32.167863756221955,68.81617508654524,25.708719201745733,113.62533562350295,1.88974379898732,0.7701150396678719,2.0,1.0,3.0,20.189304297477626,8.892960858920679,20.0,8.0,32.0,1.7159561197962205,0.758420869755201,2.0,1.0,3.0,0.09978743826189006,0.29971637497310605,0.0,0.0,0.0
cam304_w1,304,1,CAM304_2025-05-08-114024,2025-05-08-114024,SI206_2025-05-08,64796,114480,83160,0.10434205695366798,0.1843490135202159,0.133913906047704,262436,21.562361111111112,0.4226086956521739,0.10490743081427868,0.1883917727198041,0.018501805054151624,0.0,0.42030685920577665,0.0008416934267561885,235042,0.90875327773603,0.955198003653772,0.5654595026667023,0.16458968897284437,2.1383394035924024,69.02570194362029,60.7466021783248,46.442247945189095,4.784573696057658,163.930834253892,1.672143701976668,0.7339800193066736,2.0,1.0,3.0,235042,0.9087126208006283,0.7130000543392201,0.6754327194350174,0.33435131264497975,1.8493931921068896,69.01953377846776,30.174618867522483,70.45324121081524,25.25087391899219,108.57514888533427,1.6720798835952724,0.7340819254662833,2.0,1.0,3.0,235030,0.9087686564879675,0.7129815219503751,0.6754761299089054,0.3343904502101371,1.8494418733634066,69.02377144480919,30.170389883693595,70.45430749188907,25.263685458278896,108.57564652910962,2.007964940645875,0.8757102493159317,2.0,1.0,3.0,20.06561290048079,8.342551586423568,20.0,8.0,31.0,1.6722035484831723,0.7339944441407206,2.0,1.0,3.0,0.1029953622941752,0.3039528214050115,0.0,0.0,1.0
cam304_w2,304,2,CAM304_2025-05-08-114024,2025-05-08-114024,SI206_2025-05-08,75596,123120,87480,0.11627363278966894,0.18936993583078524,0.13455232282713686,286196,22.57486111111111,0.44019933554817275,0.1060360973923975,0.1820478704083184,0.017062766605728214,0.0,0.34545454545454546,0.00010372560376629845,252908,0.9559891094955986,1.046855872849224,0.5708488975273357,0.1683760654920924,2.2848591359854242,69.43120977184122,61.147276285825704,46.74563061080578,4.732137166245097,164.31418544412466,1.680539959194648,0.7430157971574487,2.0,1.0,3.0,252908,0.9559459804394425,0.8064917831836015,0.6665961233308368,0.35055717365269057,1.969388173960041,69.42688389828976,31.657112227713405,71.88575768253767,20.908112074575225,109.84982310135622,1.6804806490897877,0.7431100236205764,2.0,1.0,3.0,252840,0.9558544229653713,0.8064964310177906,0.6665175574006386,0.350577660609607,1.9693813618446694,69.43479555249067,31.654790101512344,71.89469671031465,20.926246948117825,109.8528735801665,2.0651756051257713,0.9725080543874641,2.0,1.0,3.0,20.180102040816326,8.749533784982246,21.0,7.0,31.0,1.6803037494067394,0.7428515862302977,2.0,1.0,3.0,0.13078231292517006,0.3371621265075794,0.0,0.0,1.0
cam304_w4,304,4,CAM304_2025-05-08-114024,2025-05-08-114024,SI206_2025-05-08,75596,122040,79920,0.11944835955226617,0.19283398327634482,0.1262806616145975,277556,21.97486111111111,0.43856655290102387,0.1064553039896596,0.18784056196700827,0.0130303345286974,0.0,0.41722017220172253,-0.0006495524323836282,244391,0.9410472589243127,1.051688926527015,0.5611755299552159,0.16542007342618847,2.2134552629648074,69.04140982869752,60.90504472795737,46.29902895267072,4.675609476442746,164.0173994784284,1.6743292510771672,0.7529582735952418,2.0,1.0,3.0,244391,0.9410220301914249,0.8146619468112792,0.6493976196649937,0.3354418021682947,1.953446695072151,69.03687977460976,31.86753658335969,70.96701382458551,21.295893841122552,110.20436775461165,1.6742678740215475,0.7530539899316003,2.0,1.0,3.0,244361,0.9411140276895573,0.8146653328205453,0.6494826362538015,0.33548894290233117,1.9536719351683351,69.0403547459176,31.86312161515547,70.9676424329372,21.310440679088792,110.20497686684516,2.045895212411146,0.9830893748649595,2.0,1.0,3.0,20.07206141732928,8.806662410019888,21.0,7.0,31.0,1.6743015456639971,0.7529277838220916,2.0,1.0,3.0,0.12638678021451868,0.33228476041119553,0.0,0.0,1.0
cam304_w6,304,6,CAM304_2025-05-08-114024,2025-05-08-114024,SI206_2025-05-08,75596,123120,84240,0.11744417999117568,0.191276356427768,0.1308732965032097,282956,22.34986111111111,0.4395973154362416,0.0847041316262065,0.14738947692327609,0.012797074954296161,0.0,0.2990608085298612,0.0001810183544394408,249713,0.916151215314694,0.947717814120995,0.5865617175761907,0.17151583273093676,2.0985911777444333,69.16006339252405,60.139214306588144,47.183366258487766,5.2418494737769485,163.40579176546308,1.67663277442504,0.7470678619351099,2.0,1.0,3.0,249713,0.9161219249849956,0.6795166521155029,0.7075154683364336,0.3593883410694926,1.7521952695019232,69.15348322602996,30.057772738415178,70.61668791261579,25.546020728940338,108.50663506022765,1.6765727054658748,0.7471624622129881,2.0,1.0,3.0,249527,0.9158446118551695,0.6781057470825007,0.7076381355897511,0.35978516577359565,1.750444111788914,69.20207763538758,30.01585396126078,70.64305127336534,25.68086402200356,108.51633440506336,2.036945901645914,0.8224313461260001,2.0,1.0,3.0,20.114809219042428,8.298036514844622,21.0,8.0,31.0,1.6761713161301182,0.7469705871077226,2.0,1.0,3.0,0.10365210979172594,0.3048087103864487,0.0,0.0,1.0
cam306_w1,306,1,CAM306_2025-05-08-114043,2025-05-08-114043,SI206_2025-05-08,64786,114480,81000,0.10469178735217977,0.18499545914360419,0.13089301354500296,260266,21.48701388888889,0.4205933682373473,0.062174345767900104,0.14589637280118262,0.000655307994757536,0.0,0.22483781278962003,0.0007361750841823052,233013,0.9762786699358358,0.9836043245523792,0.6604414395195259,0.2202619335919783,2.1415200298233033,81.30209160276354,60.77087718845172,73.88710086643515,6.94307584243716,166.80869811319675,1.6698510383540832,0.7371616667286618,2.0,1.0,3.0,233013,0.9762477800534504,0.6966803018372856,0.726921935912168,0.4747662099105036,1.8453360642034662,81.2952385233977,30.37855491798857,86.99669428121615,35.46962588734363,115.96260778374325,1.6697866642633672,0.7372638163804661,2.0,1.0,3.0,230784,0.9717799444586651,0.6957550161524413,0.7240471588748725,0.47433125288545963,1.830821761800884,81.58052672766529,30.287378585061177,87.3167438383519,36.0270257543139,116.0396847925955,2.1990779256794233,0.7578610368069215,2.0,2.0,3.0,23.533225873544094,8.373029902552398,25.0,11.0,33.0,1.6571339434276207,0.7290345178035184,2.0,1.0,3.0,0.07375294647809207,0.2613684169211953,0.0,0.0,0.0
cam306_w2,306,2,CAM306_2025-05-08-114043,2025-05-08-114043,SI206_2025-05-08,86396,122040,81000,0.1328850306695624,0.1877087960427959,0.12458548409920081,289436,22.57486111111111,0.44518272425249167,0.09647587117806304,0.1999521962246193,0.004232804232804233,0.0,0.3667611628497238,9.459462103928169e-06,250963,1.11796195613155,1.2543007322842512,0.7314241047896789,0.15975804610864264,2.5473422895887956,76.56547346071237,63.2998014213311,62.26078242849315,2.7561581521264933,167.6528483739131,1.7047413363722939,0.768172824581803,2.0,1.0,3.0,250963,1.1178999862385064,0.878635586799303,0.8387990320893605,0.48719745751087834,2.217143803751601,76.55921547218755,34.473425878332655,84.35268433165908,18.032481040309438,114.85275903659672,1.7046815666054358,0.7682665547003587,2.0,1.0,3.0,245868,1.1692170569785931,0.8672858610369473,0.864174853828077,0.5333026625428138,2.265505976548393,79.59631682038845,31.221787969505947,85.68388018472758,30.207047957397055,115.09046209959054,2.3782598792848195,0.9435760533243984,2.0,2.0,4.0,22.986476483316252,8.631554544246706,25.0,9.0,33.0,1.7191175752842989,0.7954540104749832,2.0,1.0,3.0,0.10292107960368979,0.3038557733150725,0.0,0.0,1.0
cam306_w4,306,4,CAM306_2025-05-08-114043,2025-05-08-114043,SI206_2025-05-08,64796,124200,85320,0.10255842075606683,0.1965824411677187,0.1350435900195633,274316,21.937361111111112,0.4341880341880342,0.09984071493963448,0.17901619972484986,0.016324062877871828,0.0,0.308005347684657,-0.00010727322568829439,246172,1.1176579624202632,1.1042695853218865,0.7614198502065038,0.24034478302179196,2.449789999254318,77.93113591659493,61.38752227936017,64.64064083064406,6.242320735263266,166.91741783051222,1.6444355978746568,0.7259555013432232,1.0,1.0,3.0,246172,1.1176118323912065,0.7867290856208573,0.8836531089425982,0.5155850529607364,1.9455589393476296,77.92716946738194,30.71910371618363,81.90675228777509,32.009148976349756,114.70396491900208,1.6443746648684658,0.726051550525443,1.0,1.0,3.0,246072,1.118605557792877,0.7862915920353476,0.8842209514963866,0.5163448379612624,1.9460894324043871,77.9859707216353,30.647911686450236,81.92871296454382,32.20999139418091,114.70787364295302,2.3182848922266652,0.8599143660340716,2.0,2.0,3.0,22.54162602815436,8.47258302558321,24.0,10.0,33.0,1.6450713612276082,0.726482903333042,1.0,1.0,3.0,0.10715562924672453,0.30931100912748494,0.0,0.0,1.0
cam306_w5,306,5,CAM306_2025-05-08-114043,2025-05-08-114043,SI206_2025-05-08,10796,164160,86400,0.017264870881282424,0.2625232682355801,0.1381701411766211,261356,21.71236111111111,0.41796200345423146,0.09968137946184195,0.17089922788742548,0.006029684601113173,0.0,0.3823588122764701,0.00022951252763317467,256833,1.8060587909213783,19.89607752990445,0.6323339410431252,0.18940867635842545,1.9766848081634067,86.58378106094864,61.148234472550236,86.97671665720902,6.576532170530512,168.2414927094027,1.3853243158005397,0.5345949833928875,1.0,1.0,2.0,256833,1.8060568322410209,7.7478576937895465,0.7133148061191711,0.4474905699408778,1.791726504077029,86.58334329181747,32.78103644788643,95.7728215189516,33.55392648689971,120.15745296444177,1.385265912090736,0.5346916918250111,1.0,1.0,2.0,252616,1.1852413855917503,2.837183376799238,0.7166359114083378,0.4569255564056711,1.7285553953320907,88.15803498146386,30.84029169290046,96.36548995050063,39.98754113830013,120.28766186887749,2.4243911707888652,3.1388684231739457,2.0,2.0,3.0,25.35300218513475,8.524917275346679,28.0,12.0,34.0,1.3951016562688032,0.5562761739500551,1.0,1.0,2.0,0.09097602685498939,0.28757501524414397,0.0,0.0,0.0
cam306_w6,306,6,CAM306_2025-05-08-114043,2025-05-08-114043,SI206_2025-05-08,97196,102600,83160,0.1512552210097791,0.15966485941400196,0.12941257026187528,282956,22.312361111111112,0.4403361344537815,0.05266952905043147,0.12776166180836934,0.0,0.0,0.17966001628227954,-6.35074551708243e-05,240146,1.164792260970131,1.4179758869408412,0.7535023739413784,0.14626484811880325,2.55682056445007,82.77879274663375,64.11119827375344,76.13756451594844,2.7090154083704427,170.2319241567861,1.7993054225346248,0.7832351694898559,2.0,1.0,3.0,240146,1.16471937727445,0.8890246971872148,0.8867688516429684,0.5130232900215246,2.25372806672401,82.77603231824452,33.27294224859543,90.43544836245391,29.993749856656226,118.80956492501741,1.7992429605323428,0.7833387780908311,2.0,1.0,3.0,236903,1.1921199320120066,0.8764502643389205,0.8982211099178592,0.5411093326917464,2.27268282717905,85.07903901264483,30.572128797296745,91.42728841838942,38.60323116166002,118.94441944248518,2.390830846380164,0.9598121365503635,2.0,2.0,4.0,24.502467254530334,8.452002392587646,26.0,12.0,34.0,1.8136241415262786,0.7991025755427463,2.0,1.0,3.0,0.06354077407208858,0.24393307299832956,0.0,0.0,0.0
cam307_w1,307,1,CAM307_2025-05-08-122128,2025-05-08-122128,SI206_2025-05-08,10796,106920,92880,0.018754907615229067,0.18574237886442127,0.16135196547818412,210596,19.98736111111111,0.36585365853658536,0.0835507876351099,0.15770615900554463,0.009831460674157303,0.0,0.2441927901109075,0.0006541071887661367,206638,0.8864346148637341,0.8336138573231757,0.6135255926692476,0.18381758951460717,1.9732942831796665,79.90355827843203,62.71226379231983,67.84834063760218,5.842213876285635,168.5954006690998,1.5157521849804974,0.5621844782932682,1.0,1.0,2.0,206638,0.8863921562026089,0.561591016586594,0.7245676011653085,0.40867436271558105,1.5589503339376984,79.89504943360255,31.375911630165362,84.57015017898638,33.05998610013338,117.41437409144302,1.5156795942663015,0.5623156148619473,1.0,1.0,2.0,206595,0.8867941569208697,0.5613185020500179,0.7247706719673787,0.40911744801336214,1.5590520093672386,79.93051329965165,31.33248690650719,84.5857440015567,33.1656534215617,117.41604340358109,2.038955444226627,0.67879937294576,2.0,1.0,3.0,23.078007696217238,8.66215466773872,24.0,10.0,33.0,1.5164306977419588,0.5626850951529995,1.0,1.0,2.0,0.07855950047193785,0.2690500053104208,0.0,0.0,0.0
cam307_w2,307,2,CAM307_2025-05-08-122128,2025-05-08-122128,SI206_2025-05-08,64796,123120,90720,0.09982806327764392,0.18968502917994196,0.13976791623785195,278636,22.53736111111111,0.4292845257903494,0.08334346159498855,0.1507983687164067,0.011627906976744186,0.0,0.27408637873754155,0.0004294228964070904,250809,0.9526095147145004,0.9662228019816523,0.6411514153116087,0.178312878773527,2.1170572362916524,76.82043405726135,63.92870163844558,60.28708587034753,4.233289561345771,168.99655741890697,1.6565793093549275,0.7213713633014296,2.0,1.0,3.0,250809,0.9525390116351052,0.6560847622386871,0.7748556696472265,0.4217263453572734,1.6751291358090286,76.8139935585191,31.914446629766857,80.04188652075298,31.292763809123198,116.40529165232508,1.6565195028886524,0.7214672425394437,2.0,1.0,3.0,250442,0.9579523460619657,0.6575754866459513,0.7777830476879946,0.42438477898214577,1.6829103334710347,76.98958433620844,31.693789957453905,80.11707097981039,31.86000195781178,116.42009635117883,2.112844490940018,0.7702354957278964,2.0,1.0,3.0,22.264967537393886,8.762454676334036,23.0,10.0,33.0,1.6598054639397546,0.7235781915335175,2.0,1.0,3.0,0.07943955087405467,0.27042357262447214,0.0,0.0,0.0
cam307_w3,307,3,CAM307_2025-05-08-122128,2025-05-08-122128,SI206_2025-05-08,10796,206280,95040,0.015867230260025043,0.3031763855166697,0.13968336086631902,312116,23.624861111111112,0.4587301587301587,0.01988014915712053,0.049376351507479495,0.0005516734093416697,0.0,0.04940252728875073,-4.17679649613992e-05,307152,0.6256644429326991,0.5650171965617903,0.47805096780702044,0.1108848221500727,1.3123559424271893,86.52186320464371,63.638964759807905,85.76004326103964,4.027327442977499,170.2952794734899,1.347456633849039,0.5145710273583002,1.0,1.0,2.0,307152,0.6256318005193882,0.29922783634881545,0.5646242746452038,0.3520719144453633,0.9824292977237182,86.51673257413432,29.003780989098168,91.9176607938661,44.97856980441968,119.41047721654739,1.347407798093452,0.5146514472744904,1.0,1.0,2.0,305939,0.6299546309720595,0.2950797061543729,0.5664359090952864,0.35772529315923157,0.9840206801395658,87.1903100482659,28.112933382083757,92.20170482940021,46.44426950485212,119.500262474588,1.7710622052108427,0.4934963422138289,2.0,1.0,2.0,25.08444166974462,7.773447883223222,26.0,14.0,34.0,1.3560513697174927,0.5241179361772491,1.0,1.0,2.0,0.01913126472924341,0.13698634763764972,0.0,0.0,0.0
cam307_w4,307,4,CAM307_2025-05-08-122128,2025-05-08-122128,SI206_2025-05-08,75596,119880,87480,0.11685597511887169,0.18530999387864885,0.1352262117492843,282956,22.46236111111111,0.4373956594323873,0.07688846340044603,0.1692693229792411,0.0006257822277847309,0.0,0.2321438329602144,0.0006951947539239757,249880,1.0449493419547582,1.1677560316306295,0.6629352519693106,0.18118301578987903,2.404964615433302,79.94671357913566,64.94675817189321,66.33114378232389,4.171291291816154,170.94795921521106,1.6904834320473827,0.7444027561932319,2.0,1.0,3.0,249880,1.0449091311377325,0.764281141353061,0.7823958346762636,0.4340517142944992,2.104692485910761,79.93981912148091,34.47324542010052,86.65553050079865,25.037897745762056,119.33925412705675,1.6904234032335521,0.7444987484484064,2.0,1.0,3.0,248879,1.0546869495754734,0.7600305586168358,0.7887990677323711,0.44167818155345195,2.109921642609926,80.62930678198612,33.72461246829008,86.96505304696119,27.782183304572513,119.38321146191552,2.2360705403027175,0.8612191159362234,2.0,1.0,3.0,23.27173445730656,9.322482178886377,25.0,9.0,34.0,1.6944057152270782,0.7511383338327143,2.0,1.0,3.0,0.09325415161584545,0.29078826458826423,0.0,0.0,0.0
cam308_w2,308,2,CAM308_2025-05-08-114056,2025-05-08-114056,SI206_2025-05-08,97196,112320,82080,0.14633632241085462,0.1691067094652783,0.12357797999385724,291596,23.062361111111112,0.43902439024390244,0.10662113899099773,0.17729208909497843,0.016700066800267203,0.0,0.34985359557174733,-6.706573760275789e-06,248914,0.7476516015590103,0.8101720520422183,0.4594187008187025,0.1294094048882422,1.7585430831452258,72.05030416801611,62.85857085625612,49.06978714378015,4.679780612790717,167.3437849931632,1.7678394947652603,0.7850943636917715,2.0,1.0,3.0,248914,0.7476295148623487,0.5819725243142454,0.5643421577179065,0.28325818354856047,1.440555529239773,72.04434828130147,30.811162315791023,73.48535379900373,28.78723342308426,112.6589989073779,1.7677792329881004,0.7851916713715971,2.0,1.0,3.0,248882,0.7477774416161675,0.5819045961897406,0.5643861683651819,0.2834029170851574,1.4406432519521315,72.05780471514714,30.795383881837694,73.49094673783193,28.84570846509416,112.65972961580017,1.796112213820204,0.7715528670839065,2.0,1.0,3.0,20.903580813397515,8.513292562755904,21.0,9.0,32.0,1.7679703634654174,0.7852135172771955,2.0,1.0,3.0,0.09072974341254088,0.28722440194530025,0.0,0.0,0.0
cam308_w3,308,3,CAM308_2025-05-08-114056,2025-05-08-114056,SI206_2025-05-08,86396,123120,86400,0.13135760723473353,0.18719325666397046,0.13136368888699682,295916,22.83736111111111,0.44991789819376027,0.1261849052553522,0.20679826688416475,0.01951219512195122,0.0,0.502335402937001,-0.000562683905409927,257034,0.8894093678529205,0.9969938498826653,0.5229081276090471,0.14362452383521643,2.1311145326297445,67.062282670482,62.40207436704614,39.6519386301905,3.9769397107878275,165.68721649751208,1.7059221737202082,0.7598679326471226,2.0,1.0,3.0,257034,0.8893929238070972,0.7499074659028353,0.6422563628682675,0.29608750564203545,1.813058193274536,67.05575963967466,32.623746319974,66.97693521480389,20.161791724701345,111.7699078090611,1.705863815681972,0.7599605398732219,2.0,1.0,3.0,256960,0.8895584393561251,0.7499254096924599,0.6423601037826658,0.29617475090653905,1.813169296511275,67.06925122622611,32.61586721093738,66.98895132711044,20.188950169637703,111.77524962645464,1.962122509339975,0.9297523120185237,2.0,1.0,3.0,19.526416562889164,9.014728393346239,20.0,7.0,32.0,1.705876400996264,0.759786519414784,2.0,1.0,3.0,0.1316936488169365,0.338157406658819,0.0,0.0,1.0
cam308_w4,308,4,CAM308_2025-05-08-114056,2025-05-08-114056,SI206_2025-05-08,75596,119880,87480,0.11685597511887169,0.18530999387864885,0.1352262117492843,282956,22.46236111111111,0.4373956594323873,0.12075731053223134,0.1789376363188848,0.025031289111389236,0.0,0.4099611006038854,-0.0005764678624237622,249880,0.850767792964183,0.9892341676988544,0.49709470865130134,0.13315698205679613,2.0039105628698253,67.51407484795946,62.68088517022641,40.035216945319725,4.037429972388629,166.39553439965908,1.6904834320473827,0.7444027561932319,2.0,1.0,3.0,249880,0.8507500187311287,0.7693469782030168,0.6109841956219413,0.28323363191195206,1.6558477539467886,67.50839124709461,32.25633263945632,68.03748527752415,22.115647353055515,110.98573043692019,1.6904234032335521,0.7444987484484064,2.0,1.0,3.0,249863,0.8508043048516098,0.7693440716799399,0.6110115827197722,0.2832708517979494,1.6559179105116577,67.51259289672737,32.253145656886986,68.04098999366973,22.126198821956176,110.9862168471365,1.9153496115871498,0.9483623278389883,2.0,1.0,3.0,19.648239235100835,8.915572628044854,20.0,7.0,32.0,1.690514401892237,0.7443996348891495,2.0,1.0,3.0,0.12782204648147186,0.33389155562062406,0.0,0.0,1.0
cam308_w5,308,5,CAM308_2025-05-08-114056,2025-05-08-114056,SI206_2025-05-08,43196,116640,92880,0.06872259591826345,0.185568191219239,0.14776726337828291,252716,21.82486111111111,0.4020618556701031,0.19586955051119642,0.2217506079553413,0.11196911196911197,0.0,0.528957528957529,0.0001610638000778045,235339,0.9916530245713792,1.1109873035366797,0.5669996560372408,0.14182373618066887,2.4519534649530965,64.36611427953412,62.30655567961027,34.40527486003728,3.7494521076712277,165.57328732865767,1.6141608488180879,0.6756396427437681,2.0,1.0,3.0,235339,0.9916402690812862,0.8742326710889485,0.7000073674272607,0.28795886571056356,2.0873779984350938,64.35957870072713,33.36573831134406,64.08685852744301,15.13850221965479,110.52732774751397,1.6140971109760813,0.6757447381968416,2.0,1.0,3.0,235327,0.9917123001558926,0.8742226023259889,0.7000517254200994,0.28800133788398563,2.0873900877511273,64.36318047402752,33.362927879637134,64.08928645031217,15.154027560586787,110.52755500843433,2.065049909275179,1.0593158629400126,2.0,1.0,3.0,18.77741185669303,9.222326708803816,19.0,5.0,32.0,1.6142176630815843,0.6756571927874514,2.0,1.0,3.0,0.17500329328976275,0.37996992068780927,0.0,0.0,1.0
cam308_w6,308,6,CAM308_2025-05-08-114056,2025-05-08-114056,SI206_2025-05-08,86396,127440,86400,0.12986489817759847,0.1915595933116481,0.12987091071976142,300236,23.09986111111111,0.4512987012987013,0.08117059210286011,0.16041244734042126,0.01060070671378092,0.0,0.26046915725456177,0.0004803218824492499,261234,0.7363021562043394,0.8118099331827754,0.43987017727328237,0.1289304361187273,1.7580780578790165,73.39721757077785,62.75940087551741,52.60320333064735,4.937146522542435,167.25874707999438,1.6936539654103218,0.758575715359928,2.0,1.0,3.0,261234,0.7362711762867621,0.5642728815373698,0.5457160299113135,0.275726897454932,1.4904237231255797,73.39198468333696,30.84210478249539,74.97666814250536,30.137640186040958,113.57706086661328,1.693596545625761,0.7586660604929308,2.0,1.0,3.0,260426,0.7361586342907279,0.5648430293857997,0.5451180433113961,0.27557684713091823,1.4921573027479327,73.39743470934008,30.86027404517425,74.98962302218632,30.11011624930601,113.60428754221053,1.772108007649006,0.7604439315988086,2.0,1.0,3.0,21.274903427461158,8.531687700238686,22.0,9.0,32.0,1.6897160805756721,0.7562954574414951,2.0,1.0,3.0,0.07049987328454148,0.2559875800725595,0.0,0.0,0.0
cam309_w1,309,1,CAM309_2025-05-08-114626,2025-05-08-114626,SI206_2025-05-08,75596,122040,86400,0.11646710092500724,0.1880211254152056,0.13311230117890663,284036,22.53736111111111,0.43760399334442596,0.13094536685439057,0.20311943190881762,0.03228782287822878,0.0,0.43869565217391315,-0.0003048521511698664,250944,0.8797323574198765,1.0124932957236563,0.5028185110194803,0.13684130432424332,2.1185986191132065,68.01195201306444,62.46564389417395,41.46968688184717,4.088039757071475,165.90506393720375,1.6831245218056619,0.7451938791664307,2.0,1.0,3.0,250944,0.879699240113331,0.7851333387280045,0.6230564547420117,0.2774580085229143,1.7969193575666025,68.00643211110001,32.058402961537794,68.20600327999044,22.63334274584007,111.47167723340445,1.6830647475133895,0.7452887727827843,2.0,1.0,3.0,250877,0.8800965968121383,0.7849928281391375,0.6233076879344569,0.27778226914810583,1.7971197088625364,68.04646944709856,32.02546876859702,68.2440178017482,22.748583470972292,111.47962438596367,1.9440363205873794,0.9671482727703162,2.0,1.0,3.0,19.795605017598266,8.852636054033885,20.0,7.0,32.0,1.683386679528215,0.7455751566463171,2.0,1.0,3.0,0.12480219390378552,0.330494487549471,0.0,0.0,1.0
cam309_w2,309,2,CAM309_2025-05-08-114626,2025-05-08-114626,SI206_2025-05-08,64796,117720,82080,0.1039803837241397,0.1889093581703458,0.13171661670592918,264596,21.63736111111111,0.4246100519930676,0.1266734894079802,0.19877929202189065,0.02676864244741874,0.0,0.47628508119330837,-5.582791631871605e-05,237073,0.9119342334432451,1.0572351241955995,0.5164428811804211,0.14001287986189792,2.235113891511667,68.18540193895622,62.36233148574013,42.100070034040286,4.209667997237037,165.98405109498466,1.6607416281061107,0.7339663440517666,2.0,1.0,3.0,237073,0.9118966524150337,0.8348208918156511,0.6253488561315952,0.2903810632100347,1.9530443890960465,68.18232781858573,32.32619389099231,69.65562166916247,19.873270967812267,111.0054011436671,1.6606783564556065,0.7340663963666046,2.0,1.0,3.0,236960,0.9128681338167914,0.8345184328002376,0.6261785149241936,0.29106932389260065,1.953540445101919,68.24913503539601,32.26086703436975,69.6850911549983,20.12496617776498,111.0095617161518,1.9893357528696827,1.0174126541426103,2.0,1.0,3.0,19.8530342673869,8.917521227023226,20.0,7.0,32.0,1.661225523295071,0.7347554337217743,2.0,1.0,3.0,0.13742825793382848,0.34429889900361516,0.0,0.0,1.0
cam309_w3,309,3,CAM309_2025-05-08-114626,2025-05-08-114626,SI206_2025-05-08,75596,117720,85320,0.11803833638333885,0.18381227788569038,0.13322174268779394,278636,22.23736111111111,0.4350758853288364,0.11729650588598707,0.192058132472609,0.022307202039515615,0.0,0.46250000000000047,-0.00033446966548890454,245735,0.9161174075168484,0.97357371356392,0.585964251280773,0.1647735095853413,2.0766145534482057,67.55341633639998,61.768978550106674,41.43539323670302,4.389082600767694,165.4347561371766,1.694764685535231,0.7480992790097943,2.0,1.0,3.0,245735,0.9160623486411325,0.6842698414038074,0.7201966629660205,0.3513982479795047,1.6993104046540395,67.54679586443005,31.04331536669584,67.38684131446963,24.520971692132743,110.04985227592086,1.6947036441695322,0.7481967573206351,2.0,1.0,3.0,245705,0.9162966047832918,0.6841861721991715,0.7203792898447708,0.3515884799089206,1.6993762975681213,67.55982763544108,31.029503234572832,67.39023210609786,24.559557984508828,110.05106460657356,2.0251724629128427,0.8348577592272926,2.0,1.0,3.0,19.66230235444944,8.57801089510728,20.0,8.0,31.0,1.6948902138743616,0.7482309496349729,2.0,1.0,3.0,0.11280193728251359,0.31635053378779915,0.0,0.0,1.0
cam309_w4,309,4,CAM309_2025-05-08-114626,2025-05-08-114626,SI206_2025-05-08,75596,117720,82080,0.11883996000729427,0.18506058643392087,0.129033069440165,275396,22.08736111111111,0.432937181663837,0.11160689939147271,0.17973343176683879,0.01979538429092926,0.0,0.4102065222799548,0.00017662227896030915,242657,0.8938919783923638,1.048840494312233,0.5146660218024924,0.13847911164859472,2.146028802272734,67.04106491173891,62.28317266127205,40.234323249509146,3.7589138431468454,165.4103310826794,1.691560515460094,0.7527513387180045,2.0,1.0,3.0,242657,0.8938746903803433,0.8152378909829029,0.6280057194470559,0.2945141690544717,1.842594191144643,67.03413005511949,31.721003820173646,68.24914098524964,20.606114089455748,109.26413648632239,1.691498699810844,0.7528491803105989,2.0,1.0,3.0,242039,0.8985991572136486,0.8138270574027836,0.6313617180872008,0.29866825809017555,1.8448930475758685,67.44134709867144,31.392506633518906,68.52692184880071,22.007831580663446,109.34635021855249,1.9834200273509641,0.9885049150503458,2.0,1.0,3.0,19.62803101979433,8.677948041781194,20.0,7.0,31.0,1.693933622267486,0.7568482461572466,2.0,1.0,3.0,0.1177702766909465,0.3223359096022105,0.0,0.0,1.0
cam309_w5,309,5,CAM309_2025-05-08-114626,2025-05-08-114626,SI206_2025-05-08,75596,118800,88560,0.11843779180166573,0.18612637793055042,0.1387487544573194,282956,22.16236111111111,0.4433164128595601,0.10867284486540614,0.1985205422936116,0.011301754874353566,0.0,0.35635593220338985,-0.0009075477972113241,249432,0.8034765675311861,0.8748774538011154,0.4806819434365394,0.1336397361881996,1.9281380141837832,68.97237657404064,62.28474297694071,43.973119407814195,4.246719395301215,165.84956943353987,1.6924612720100067,0.7418876730430675,2.0,1.0,3.0,249432,0.8034363728395476,0.6404566092684192,0.5960793326057833,0.2828354068690868,1.603894442507992,68.96782766921255,31.047937283920664,69.56437724065356,25.604194752638065,110.62477132368099,1.6924011353795825,0.7419843239600575,2.0,1.0,3.0,249417,0.8034846917015042,0.6404455585738662,0.5961185361543678,0.28286008142454566,1.6039150454192295,68.9719754114075,31.0442636452008,69.5665761722004,25.61570730504214,110.62770455712747,1.8602380751913463,0.8227507099556031,2.0,1.0,3.0,20.05280714626509,8.58027192079398,20.0,8.0,32.0,1.6925029168019823,0.7418905453664397,2.0,1.0,3.0,0.11485584382780645,0.3188478931503374,0.0,0.0,1.0
cam309_w6,309,6,CAM309_2025-05-08-114626,2025-05-08-114626,SI206_2025-05-08,53996,118800,84240,0.08710212351350828,0.19163886720136278,0.13588937856096633,257036,21.52486111111111,0.4146341463414634,0.1455262417400257,0.19809110756465093,0.04808548530721282,0.0,0.45289403383793403,0.0002465873904265096,234637,0.9862384226923228,1.0454418925865934,0.5973319280920508,0.16961935986393192,2.351220473694558,68.54827261038864,62.38730612672986,42.91861501852556,4.13536631731718,165.7337744948349,1.628426036814313,0.7091795969723327,1.0,1.0,3.0,234637,0.9862170618476126,0.8013109744399642,0.7180143476273888,0.3467878541241833,1.964170828642145,68.54328074239064,33.22180282716496,69.3905659104623,20.78916257837154,113.03434289959525,1.6283621082778932,0.7092813080329736,1.0,1.0,3.0,234332,0.9843724651624259,0.7995251866061805,0.7172113077868154,0.34675702618426674,1.9571284971879763,68.59984413874004,33.19677088073649,69.44435553853418,20.912841893697937,113.05032995237859,2.0797714353993477,0.9668820686795092,2.0,1.0,3.0,19.94820169673796,9.175488140154808,20.0,7.0,32.0,1.6267688578597888,0.7079789296375165,1.0,1.0,3.0,0.13924688049434136,0.3462039670005761,0.0,0.0,1.0
cam516_w1,516,1,CAM516_2025-05-08-122149,2025-05-08-122149,SI206_2025-05-08,75596,118800,85320,0.12006302053885101,0.1886804439390378,0.1355068642834908,279716,21.86236111111111,0.444253859348199,0.06339364097164704,0.11478286975649694,0.008563273073263558,0.0,0.19571302610020386,-6.498230267080871e-05,246121,0.8055395010000789,0.834122760909629,0.5152896849750469,0.15150173625038665,1.8549094389031373,73.11403246810853,62.34984994720443,52.68185484040035,4.902599177809523,166.84194024031763,1.6880355597450034,0.7456834509303767,2.0,1.0,3.0,246121,0.8055538614424704,0.5687889166079276,0.6346098216435054,0.33067650823721595,1.513468796698718,73.10856953673917,29.540348178283033,74.49291031935837,32.65612657445383,111.42108767702268,1.6879746141125707,0.7457805417374123,2.0,1.0,3.0,246108,0.8056104176398698,0.5687752020511108,0.6346439132478503,0.33070665993619536,1.5135797581190233,73.11293860949395,29.535630471007043,74.49522755057265,32.66968395888552,111.4213343950141,1.8942659320298405,0.7386200813465627,2.0,1.0,3.0,21.195243551611487,8.16667040289714,22.0,10.0,32.0,1.688088156419133,0.7456931760252649,2.0,1.0,3.0,0.06866903960862711,0.25289049528967256,0.0,0.0,0.0
cam516_w3,516,3,CAM516_2025-05-08-122149,2025-05-08-122149,SI206_2025-05-08,53986,119880,82080,0.0884746618244273,0.19646468453881274,0.13451636058513305,255946,21.187013888888888,0.4194690265486726,0.1107938626206612,0.18971669331772115,0.02190237797246558,0.0,0.36620752984389365,0.0002124680418157014,233296,0.87748265944779,1.0085617393951634,0.5117217745546914,0.1408907129583453,2.096761060846828,66.93667804154222,61.71619982337704,40.774968116106606,4.070467105147876,164.80292673719703,1.620542143885879,0.7100772724338835,1.0,1.0,3.0,233296,0.8773690309855213,0.800042826847184,0.6204788523981895,0.29630589511315386,1.7513868780961697,66.93543004969487,31.455726225110787,68.05695728614526,19.81046515526439,108.65881539394339,1.620477847884233,0.7101787250067573,1.0,1.0,3.0,232346,0.8691492769023779,0.7721923613433046,0.6200226070795722,0.2971480155694841,1.7280773847208866,67.15528048980951,31.316445346710584,68.2365758929813,20.58711705846555,108.71153021032556,1.952501872207828,0.9441092459362724,2.0,1.0,3.0,19.550898229364826,8.656486791692855,20.0,7.0,31.0,1.6165546211253905,0.7079920941096862,1.0,1.0,3.0,0.12269201966033416,0.3280833552193746,0.0,0.0,1.0
cam516_w4,516,4,CAM516_2025-05-08-122149,2025-05-08-122149,SI206_2025-05-08,86396,117720,78840,0.13581799545994755,0.18506058643392087,0.12393965880436901,282956,22.08736111111111,0.44482173174872663,0.09339711202626162,0.18159087833360563,0.008922880815806247,0.0,0.3165073295092418,-0.0009980711307607032,244514,0.869962920590404,0.9496518680370174,0.5359854372715331,0.14562398653191178,2.0289541644670566,68.08520446373996,62.3784355789986,41.94549105320574,3.9742051301870234,165.89366131710966,1.7147484397621404,0.7721531976815859,2.0,1.0,3.0,244514,0.8699004134759335,0.6690211576625095,0.667349402979032,0.3300427381316152,1.67653252420481,68.08210175583936,30.74110274269377,69.19020140162823,23.689774637773453,108.46236043267942,1.7146870935815537,0.7722496987897441,2.0,1.0,3.0,243851,0.8764935225822283,0.6673788754135627,0.6718185274165863,0.3349658316448908,1.683487442647931,68.4442568425693,30.354991505326527,69.35587379365593,24.979044453012204,108.502486536958,1.9769900472009547,0.8253747197326935,2.0,1.0,3.0,19.906397759287433,8.391885636496195,20.0,8.0,31.0,1.71736429212921,0.7764127368862368,2.0,1.0,3.0,0.11023124777015472,0.3131777766464113,0.0,0.0,1.0
cam516_w5,516,5,CAM516_2025-05-08-122149,2025-05-08-122149,SI206_2025-05-08,43196,119880,82080,0.071807113552188,0.19928319225475266,0.13644614965190274,245156,20.88736111111111,0.40754039497307004,0.13564660327685837,0.2071935838849325,0.031992687385740404,0.0,0.48850802991856845,6.884353574115008e-05,227542,0.8731800504651127,0.9545257716453981,0.523121938354179,0.14545194326813468,2.082165985852663,68.31702658239041,62.09876084837669,42.527118802235286,4.353227664859386,165.6537932702581,1.5856589113218658,0.6838298161921301,1.0,1.0,3.0,227542,0.8731793328636532,0.7215706489360438,0.6491180471011073,0.3001162078483976,1.7124191749241167,68.31064208102937,31.370672687293215,68.71286197562159,23.790488743218177,110.40134340668773,1.585592989426128,0.6839344636401827,1.0,1.0,3.0,227530,0.8732524337427289,0.7215675422824319,0.6491505362957399,0.30014367342631265,1.7125465413103236,68.31440392114254,31.367261475174864,68.7142367851511,23.79832657245673,110.40279404866271,1.950112073133213,0.8931111020039572,2.0,1.0,3.0,19.869625983386808,8.670582629973323,20.0,8.0,31.0,1.5857161692963566,0.6838505974004485,1.0,1.0,3.0,0.12482310025051642,0.33051822021541555,0.0,0.0,1.0
cam537_w1,537,1,CAM537_2025-05-08-120219,2025-05-08-120219,SI206_2025-05-08,86396,128520,89640,0.12944462090747277,0.19255778831228762,0.13430501201613337,304556,23.17486111111111,0.4563106796116505,0.10740339632184517,0.20166415782463443,0.010507880910683012,0.0,0.3882845188284519,0.0003761145075944092,265121,0.8560532984933785,1.512022081140641,0.4795485594187619,0.1310956190591546,2.074699982702675,71.60801787399247,64.82622760803321,45.378945580799765,3.8352454736343344,169.36907154929503,1.6924385469276293,0.7532056923662122,2.0,1.0,3.0,265121,0.8560361443385697,0.8655598255904292,0.5755392041666232,0.29136678280728723,1.7505072819027632,71.60411276536998,32.82807719804278,73.22402939555529,24.52560635684083,114.20150919685304,1.6923819689877453,0.7532952563534758,2.0,1.0,3.0,265107,0.856085358649591,0.865558820543189,0.5755739336569016,0.2914064010097239,1.7505509733221414,71.60819450511254,32.82452881319984,73.22657209573075,24.539336017759005,114.20221809649233,1.9147815787587654,1.054874900915804,2.0,1.0,3.0,20.77943622763639,9.074507706112247,21.0,8.0,33.0,1.6924826579456598,0.7532118511855692,2.0,1.0,3.0,0.10410513490779195,0.3053968824228931,0.0,0.0,1.0
cam537_w2,537,2,CAM537_2025-05-08-120219,2025-05-08-120219,SI206_2025-05-08,64796,124200,90720,0.09933222548580749,0.19039851850943407,0.1390737004764562,279716,22.64986111111111,0.4288079470198676,0.13145727535375126,0.20242797297952764,0.019939577039274924,0.0,0.4284532671629446,-0.0003296742472868761,251920,0.8149280270710875,0.9626792200846445,0.46087254143657136,0.11956790938426835,1.963522503684059,68.2325947714943,64.07534777848302,39.319885116435586,3.5896242319406406,167.9799032754019,1.6539298189901557,0.7212107354259335,2.0,1.0,3.0,251920,0.8149404401293296,0.7370658837335435,0.5820179432340447,0.252408374898867,1.6329141449969515,68.22623407329101,33.19645917014318,68.39226347946277,21.295288974208916,113.4902562021949,1.6538702762781836,0.7213059944087375,2.0,1.0,3.0,251870,0.8149119871673863,0.7368463746967948,0.5820647163461217,0.2525093792268173,1.6325782238324156,68.23893479058924,33.18733405128029,68.40116987272228,21.329351401954767,113.49460198539609,1.8603208004129115,0.922147020794496,2.0,1.0,3.0,19.848235200698774,9.174837675259383,20.0,7.0,32.0,1.653861118831143,0.7211832587204586,2.0,1.0,3.0,0.1285623535951086,0.33471491576145046,0.0,0.0,1.0
cam537_w3,537,3,CAM537_2025-05-08-120219,2025-05-08-120219,SI206_2025-05-08,75596,114480,90720,0.11685597511887169,0.1769626968570881,0.14023458996222074,280796,22.46236111111111,0.4340567612687813,0.13296928571508826,0.21455352850676782,0.03211009174311927,0.0,0.5095883104761473,-0.001037926873292576,247972,0.8729312846908082,0.9912080880153833,0.5022137469760499,0.12608124895906633,2.1231619694152886,66.33837667528604,63.87054183036453,35.61344741137953,3.487988407820309,167.6414572947844,1.7108947784427273,0.7420206264947912,2.0,1.0,3.0,247972,0.8729231043214853,0.7631870067417804,0.6284976334122724,0.26584690736128896,1.7948438585958835,66.33052809190198,33.355427533201386,65.69190890985196,19.372279947726195,113.1415935057126,1.7108342877421645,0.7421193315306573,2.0,1.0,3.0,247945,0.8729882947824334,0.763196137414292,0.6286015710668255,0.2658887377203359,1.7949725610085077,66.33476259796386,33.353223969347574,65.69478377606434,19.392143069527624,113.14201916663514,1.9340982879267579,0.9442487292264903,2.0,1.0,3.0,19.322995019056645,9.218971140045792,19.0,6.0,32.0,1.7108753957530904,0.7419862303942748,2.0,1.0,3.0,0.14362056101151466,0.3507045700675319,0.0,0.0,1.0
cam537_w5,537,5,CAM537_2025-05-08-120219,2025-05-08-120219,SI206_2025-05-08,86396,118800,90720,0.1300760618853471,0.17886286578058283,0.13658618841426326,295916,23.062361111111112,0.44552845528455287,0.10682113101581855,0.19040342024617612,0.014096185737976783,0.0,0.37839545167403665,-4.737698366215698e-05,257413,0.8703847456672024,1.0357572066014211,0.4825118640853222,0.12304817988505794,2.1413495235423166,66.8752551918984,63.590716659254916,37.71838350541232,3.5151129160667445,167.28809468444632,1.7246098681884754,0.7561440545172906,2.0,1.0,3.0,257413,0.8703361154674798,0.8066939461901855,0.607208868601123,0.259458276846985,1.8045472996655834,66.87111030703376,32.40844281390898,66.43275728572306,22.212997097680777,111.66410613833179,1.7245515960732365,0.7562384207384147,2.0,1.0,3.0,246844,0.8392128768402245,0.7870024353393903,0.5885947432549405,0.2574293580647413,1.7028367059421867,68.07261321233295,32.21848996951956,67.92420383776857,23.889302663752257,112.24434790376436,1.896537894378636,0.9717215891584428,2.0,1.0,3.0,19.804487854677447,8.905715770255345,20.0,8.0,32.0,1.6711850399442563,0.7248771350935911,2.0,1.0,3.0,0.11261363452220836,0.3161199200333741,0.0,0.0,1.0
