worm_id,cam_id,well_id,recording_id,timestamp,experiment_id,stage_2_frames,stage_3_frames,stage_4_frames,stage_5_frames,roam_mean,roam_std_over_mean,roam_early_mean,roam_mid_mean,roam_late_mean,roam_slope,speed_1s_rows,speed_1s_stage2_rows,speed_1s_stage2_col1_mean,speed_1s_stage2_col1_std_over_mean,speed_1s_stage2_col2_mean,speed_1s_stage2_col2_std_over_mean,speed_1s_stage3_rows,speed_1s_stage3_col1_mean,speed_1s_stage3_col1_std_over_mean,speed_1s_stage3_col2_mean,speed_1s_stage3_col2_std_over_mean,speed_1s_stage4_rows,speed_1s_stage4_col1_mean,speed_1s_stage4_col1_std_over_mean,speed_1s_stage4_col2_mean,speed_1s_stage4_col2_std_over_mean,speed_1s_stage5_rows,speed_1s_stage5_col1_mean,speed_1s_stage5_col1_std_over_mean,speed_1s_stage5_col2_mean,speed_1s_stage5_col2_std_over_mean,speed_10s_avg_rows,speed_10s_avg_stage2_rows,speed_10s_avg_stage2_col1_mean,speed_10s_avg_stage2_col1_std_over_mean,speed_10s_avg_stage2_col2_mean,speed_10s_avg_stage2_col2_std_over_mean,speed_10s_avg_stage3_rows,speed_10s_avg_stage3_col1_mean,speed_10s_avg_stage3_col1_std_over_mean,speed_10s_avg_stage3_col2_mean,speed_10s_avg_stage3_col2_std_over_mean,speed_10s_avg_stage4_rows,speed_10s_avg_stage4_col1_mean,speed_10s_avg_stage4_col1_std_over_mean,speed_10s_avg_stage4_col2_mean,speed_10s_avg_stage4_col2_std_over_mean,speed_10s_avg_stage5_rows,speed_10s_avg_stage5_col1_mean,speed_10s_avg_stage5_col1_std_over_mean,speed_10s_avg_stage5_col2_mean,speed_10s_avg_stage5_col2_std_over_mean,days_alive
cam034_w2,34,2,CAM034_2025-05-08-121710,2025-05-08-121710,SI206_2025-05-08,117720,82080,85320,104760,0.1270649891509128,1.4640351823626108,0.1961029731672731,0.0724727917212382,0.112619202564227,-0.0002021442430149,562650,82074,1.210594271515514,1.1179800658249237,59.66111728300292,1.0420517425798697,85314,1.0830174881623675,1.0675360432310668,59.99534224760084,1.049002410440082,104754,1.3913628473769082,1.083291460717306,56.453422591240006,1.1104034681073682,172794,2.6875893494238507,2.1773914879699623,51.29887719018108,1.188373476167678,562650,82074,1.2106098735432336,0.9104353709756868,59.65928132979911,0.560570695853995,85314,1.0830018631011795,0.7326771022208419,59.99694049718331,0.4894894540150334,104754,1.3913647919339405,0.6919432386122696,56.4544911568145,0.4713660822912568,172779,2.687502808731477,1.0046857745820414,51.29744696693731,0.508109604189574,5.0
cam034_w5,34,5,CAM034_2025-05-08-121710,2025-05-08-121710,SI206_2025-05-08,119880,88560,87480,104760,0.1180063822725245,1.526356829771476,0.1695212115655642,0.0929840545992125,0.0915138806527968,-0.0001420949241919,573450,88554,1.2708534739257653,1.052307880826674,57.47373957194459,1.0883309038584168,87474,1.086007434933788,1.0287423641524152,59.93842544007879,1.0424904219514668,104754,1.4132140152506916,1.0962908085424672,58.0236019764716,1.0809157257767783,172794,2.0907837711923194,1.2299967258433226,52.59140980401588,1.1376945777881338,573450,88554,1.2708624130766548,0.8672381600678551,57.47485588396173,0.658558666701412,87474,1.0860034961147689,0.6299925961796158,59.93709420252306,0.4986552583632512,104754,1.4132171304835146,0.7112748397372451,58.02440189163724,0.4812290447110405,172779,2.0908102781047697,0.7554723180722859,52.59075543550968,0.4826974472316012,11.0
cam035_w1,35,1,CAM035_2025-05-08-121725,2025-05-08-121725,SI206_2025-05-08,120960,86400,88560,104760,0.1025106938899942,1.6523779549678284,0.1259389712292938,0.0759384181059118,0.1056546923347769,6.093136740815939e-05,573450,86394,1.2536538355642302,1.0550703322509782,62.61918818158807,1.0330191233441468,88554,1.0591765852053432,1.1019365264049663,65.69570627188388,0.9912168813757176,104754,1.24028846245866,1.0379177744327337,57.24856011706976,1.0900395648397232,172794,2.103101834733779,1.118547807260638,47.75715599373637,1.262544054212301,573450,86394,1.2536938228271712,0.794086978460786,62.61638971538274,0.5620783566967648,88554,1.0591401240813354,0.7590119565573163,65.69982583667112,0.4842508015161526,104754,1.2402894048474196,0.6437040442630112,57.24838965658233,0.5168270692597645,172779,2.10320557452693,0.7481603979573915,47.7515572268407,0.5334791053173829,14.0
cam035_w5,35,5,CAM035_2025-05-08-121725,2025-05-08-121725,SI206_2025-05-08,129600,87480,90720,110160,0.1337965077401318,1.3315448214280383,0.1447451566203317,0.1258237280381623,0.1308206385619014,5.869758459655454e-05,590730,87474,1.2028391653752757,1.049528693168833,60.59429523187936,1.0704448670474758,90714,1.1653761799644562,1.149027678373291,62.66324292539521,1.032452524309789,110154,1.431518127488016,1.0768914764544208,54.715267861099846,1.1445334695600546,172794,2.3221021238990818,1.3039617555498302,48.54773131380931,1.2523921373361382,590730,87474,1.2028370204843497,0.802037983331386,60.59082037273427,0.5815527900629974,90714,1.1653802311837116,0.8386995184151143,62.6648390943355,0.5192633971932131,110154,1.4315214334733677,0.7232250530703276,54.71521726558427,0.551380895035084,172779,2.3212790160461427,0.894420380224152,48.54811928639113,0.5591484584132737,1.0
cam036_w2,36,2,CAM036_2025-05-08-114558,2025-05-08-114558,SI206_2025-05-08,120960,83160,85320,105840,0.1180932514509329,1.4889921099522974,0.1789175302875492,0.0961617211284757,0.0792005029367739,-0.0002600418344129,568050,83154,1.2016339206203943,1.0616973275008206,56.73763778795267,1.122451266859226,85314,1.0591083832861996,1.1539260358487775,60.57678789071656,1.0525023539585556,105834,1.4077539572938715,1.0928105164342412,55.73123851512224,1.1295209417215264,172794,1.7407960600917864,1.2054094553884591,53.71983946424992,1.1574787628882688,568050,83154,1.2016426662511166,0.8467718739628185,56.73937115924471,0.6265678598238571,85314,1.0591066013788626,0.8269781990584081,60.57676055084193,0.5327766791173669,105834,1.4077510051569462,0.7570571630372067,55.73060017591629,0.5576040967221434,172779,1.7408809145451936,0.7720780829951699,53.7174659775275,0.4521042481937122,3.0
cam036_w3,36,3,CAM036_2025-05-08-114558,2025-05-08-114558,SI206_2025-05-08,124200,86400,72360,108000,0.1361614449949647,1.3980845011024765,0.2091513435053191,0.0867230996172218,0.1126098918623531,-0.000264234858411,563730,86394,1.210693679287732,0.9712565182338592,55.10069901857759,1.126857575287945,72354,1.1097922665310556,1.2130594720538344,64.72598321825225,0.995233748222368,107994,1.3420720990453696,1.1068117575067014,57.716846390229634,1.1053924840125613,172794,2.2478595809000708,1.2074734239114735,49.01227605885665,1.2517274674032837,563730,86394,1.2106950749130492,0.7277875649588701,55.1009135076854,0.6627691988222151,72354,1.109798605274206,0.9194221505910964,64.7273045301247,0.5160774734145364,107994,1.342069597030496,0.7229934905896508,57.71666595132889,0.524144292598387,172779,2.247866428435864,0.7943072279536008,49.01267789720458,0.5030298457455229,13.0
cam036_w6,36,6,CAM036_2025-05-08-114558,2025-05-08-114558,SI206_2025-05-08,114480,84240,85320,103680,0.0894194935080707,1.4740287942112875,0.0959519261853605,0.0734510980756122,0.0988554562632393,0.0001054207543616,560490,84234,0.909536255517268,1.0951004912525253,68.98546346439392,0.962746967249222,85314,1.1476096219280227,1.1680471342336625,65.72448368677405,1.0110067814315442,103674,1.2078210361614892,1.1885378640928097,63.005398530001806,1.0266859605864354,172794,2.429623088020132,1.2304232501697072,49.42114992153811,1.2474629856548418,560490,84234,0.9095517593484628,0.7859061949250493,68.98656767034693,0.4830061403502655,85314,1.1475683212334575,0.8379755459679498,65.7273998235334,0.4931981420523651,103674,1.207842117590428,0.7594324589813309,63.00407508811321,0.4299428745158249,172779,2.429683349300744,0.8550488592316191,49.4194835687455,0.5253333004683989,2.0
cam037_w1,37,1,CAM037_2025-05-08-121357,2025-05-08-121357,SI206_2025-05-08,115560,90720,79920,105840,0.0977818027542755,1.5826321137420365,0.1445586526243242,0.0635832373703226,0.0852035182681797,-0.0001063886619689,564810,90714,1.113577810333365,1.1154550991854195,62.80112066105848,1.042153870767942,79914,1.0257662824286855,1.0811885171586693,62.199459676244366,1.0262346088259515,105834,1.2243108021800808,1.023983012509549,60.25023166084995,1.0681076912616705,172794,2.3716133166835545,1.209957220363384,50.184438227118434,1.253712195667972,564810,90714,1.1135833580059575,0.8824721347449183,62.80111695932784,0.5704601717305767,79914,1.0257671052436084,0.7200011353146278,62.19874472988245,0.4766314409323169,105834,1.2243126472463224,0.592690762581635,60.25055401237474,0.4408552534489536,172779,2.371401044600032,0.7554520166353358,50.18632409615181,0.5039932297224391,7.0
cam037_w2,37,2,CAM037_2025-05-08-121357,2025-05-08-121357,SI206_2025-05-08,115560,81000,87480,103680,0.0998673683028109,1.5754437615971788,0.1492484720099178,0.0486410743858769,0.1017125585126379,-3.012209726774143e-05,560490,80994,1.177177315803746,1.0777662436415023,56.84863640304409,1.104176741194531,87474,0.9356097336856686,1.1570756816768015,65.39463249860293,0.9803330391527554,103674,1.2482215144055466,1.125708251531678,61.314389218807776,1.0455027181779832,172794,2.576583840797382,1.2245285196548663,52.65324892641406,1.2039664798613736,560490,80994,1.1771553328240836,0.8522258118834456,56.85242522550753,0.6011342506667617,87474,0.9356120884522856,0.754069614158669,65.39486610038082,0.4562662156368646,103674,1.2482548284192492,0.7087083341781409,61.31287934366848,0.4372600491579363,172779,2.5764814184093234,0.8769895756903907,52.65630945650016,0.4815858692985176,2.0
cam037_w3,37,3,CAM037_2025-05-08-121357,2025-05-08-121357,SI206_2025-05-08,116640,86400,85320,111240,0.1044327241434912,1.6588727872884057,0.1767842067842067,0.0341043108789209,0.1024096547673458,-0.000168747225802,572370,86394,1.0725954798581414,1.137437335679769,64.16724585530521,1.0101375510225714,85314,0.8713706619711972,1.0627618517832655,65.49457109459547,0.9781072117885694,111234,1.2562724339191216,1.1255836231766083,62.082716585976335,1.0389015456217985,172794,2.516514652332797,1.1613441459476268,49.20212277711839,1.2467489992349003,572370,86394,1.0725991559752004,0.9210027904580784,64.16743479698935,0.5708343475069334,85314,0.8713840468741911,0.6049527308524927,65.48871613021274,0.4307428894665598,111234,1.256279745322229,0.705359799402275,62.08552103646306,0.4794700013586528,172779,2.516509961237616,0.7902996036766315,49.204101327203695,0.4927809573876784,8.0
cam228_w1,228,1,CAM228_2025-05-08-141050,2025-05-08-141050,SI206_2025-05-08,133920,83160,85320,102600,0.0613521114472892,2.0331429982364506,0.0856366776125694,0.0473635017030736,0.0510561550262246,-6.360263590330239e-05,577770,83154,1.4515235296852256,0.7928570449705843,84.6959190316671,0.717163426081997,85314,1.1902093849507305,1.489707384852639,67.37853964314232,0.9992958425355378,102594,1.6421434619188349,0.9959478920530062,76.46321148108055,0.799943322411424,172794,2.25909192567931,1.1171286129348483,70.03198298604605,0.8716144976700894,577770,83154,1.4515583149209637,0.4779709148666682,84.69619639274295,0.3859092160030959,85314,1.1901987764221698,1.0038286767955351,67.37703987176306,0.7200627767774027,102594,1.6421703114134438,0.6535450918649409,76.46391741964496,0.4277740846666099,172779,2.259105084787548,0.7716780732434338,70.03443455793008,0.4149560977620093,8.0
cam228_w2,228,2,CAM228_2025-05-08-141050,2025-05-08-141050,SI206_2025-05-08,119880,78840,76680,102600,0.0428485096485756,2.1970766611337864,0.0638310308215338,0.0253705934624515,0.0393439046617417,-0.0001007626331093,550770,78834,1.2395264575534704,0.7463381924964412,87.2913671328076,0.6818651421927783,76674,1.3984444731748158,0.8454962031579847,89.3378389757628,0.6819299478088224,102594,1.4731293357290842,0.9461627596853354,82.09350967666818,0.7324395083154364,172794,1.7797993655363924,1.1443913602453557,79.44020972494852,0.7702260178532407,550770,78834,1.239513119730411,0.4394957456986882,87.29105507093139,0.3570009721049757,76674,1.398464365438117,0.4719686078431778,89.33715007307876,0.3290726904325448,102594,1.4731407468408326,0.5932831389770923,82.0893021934918,0.3553809905328749,172779,1.7798461830902434,0.7666809402831012,79.44069945598388,0.3717666727219844,10.0
cam228_w3,228,3,CAM228_2025-05-08-141050,2025-05-08-141050,SI206_2025-05-08,146880,82080,81000,105840,0.0470062204806457,2.0951315981444054,0.0578121724786087,0.0184603214371023,0.064746167526226,2.7551688621793825e-05,588570,82074,1.2137600699457194,0.8306852412788877,92.86306713752212,0.6310891247037257,80994,1.382521776877487,0.8861035363350317,89.24580448104139,0.6786953677149905,105834,1.504232579795635,1.0154973519448691,80.94724999825793,0.7437303586333184,172794,2.187726606502338,1.2085993729483595,71.0780259000165,0.8510447461339626,588570,82074,1.2137799005134378,0.5400019981188316,92.8650935520332,0.3147315463014467,80994,1.3825348790052745,0.4989308088051628,89.24790128631703,0.3156142646753708,105834,1.5042728849344145,0.5839684365363087,80.94401251840806,0.3804367258251611,172779,2.1877930833796,0.8121274639453354,71.07663316623918,0.4159748916383891,8.0
cam228_w6,228,6,CAM228_2025-05-08-141050,2025-05-08-141050,SI206_2025-05-08,149040,84240,82080,100440,0.0389612869928324,2.249541228001992,0.062635506163953,0.0261942811106343,0.0280540737039099,-8.165046171328008e-05,588570,84234,1.295076189103672,0.8054368820917628,89.0600823680554,0.6717768257073193,82074,1.44288196429559,0.8889423558769647,90.5921550175543,0.684736508765884,100434,1.4943587286700952,0.8699029586605194,80.23443149175868,0.7406906454513192,172794,2.0598763065462338,1.115283920647559,71.91487017447443,0.844118134378654,588570,84234,1.2951088171630911,0.5008233306644948,89.06014588284016,0.3593876842949716,82074,1.4428222648760745,0.4757443148447687,90.59064126421087,0.3196546344094143,100434,1.4943551203287215,0.4842095724779766,80.23594839475528,0.3525246530355395,172779,2.0599018231675346,0.6704552331156749,71.91424149714874,0.3850206018684299,8.0
cam229_w1,229,1,CAM229_2025-05-08-141115,2025-05-08-141115,SI206_2025-05-08,126360,83160,83160,103680,0.0954909820166311,1.622161907911578,0.0994761655676273,0.0806711450509577,0.1063256354313082,0.000124708551184,569130,83154,1.049335965120554,0.9415410400951026,75.96381316776737,0.8385662877678832,83154,1.2138323564857192,1.001116111494084,73.8792725776207,0.8613461040218712,103674,1.4898345231961847,1.0400237894658757,67.54633022521843,0.914643209918544,172794,2.6151540323156404,1.1720180705707526,54.04349011977667,1.108895879225108,569130,83154,1.0492999972166177,0.6881984038533944,75.96671733292405,0.4686070970187094,83154,1.2138629915121326,0.71648992652114,73.87558786397123,0.4671615738230453,103674,1.4898321585063254,0.7094330517051005,67.54632084828295,0.4698511743690595,172779,2.615233739493026,0.7653979424189897,54.04154435998396,0.5143288226070286,14.0
cam231_w1,231,1,CAM231_2025-05-08-115315,2025-05-08-115315,SI206_2025-05-08,113400,83160,79920,95040,0.0371880805447195,2.6754684034524328,0.0554404575071303,0.0259430492710202,0.0301807348560079,-0.000155315670494,544290,83154,1.125612690019318,0.7440389718825737,101.84888567392584,0.5693230417610994,79914,1.3831022791389842,0.8059797126178666,86.90909215130841,0.6851723409248441,95034,1.6686839348882945,0.8477782928623707,79.41702101661654,0.7514088062209905,172794,1.689931315360573,1.1114862475673628,67.2418485802138,0.9036391838029084,544290,83154,1.1256064758428532,0.4746942210442078,101.8498568066483,0.2651180455400033,79914,1.3830407712961554,0.4994804219673391,86.91289857939736,0.3350851480606019,95034,1.6687395543341688,0.5052869038407962,79.41728288779954,0.3664183638422267,172779,1.6899001595510317,0.7379598408473362,67.24115198965713,0.5237968531422409,7.0
cam231_w5,231,5,CAM231_2025-05-08-115315,2025-05-08-115315,SI206_2025-05-08,117720,77760,78840,104760,0.0565224798999667,2.1218504253445207,0.0815759816886577,0.0399107734177075,0.048080684593535,-2.564468805431829e-05,551850,77754,1.5602491687867042,0.7940886726055243,82.93769320919147,0.7390864906706316,78834,1.5597849921035645,0.8774992910908164,89.5759964539515,0.6774181877488022,104754,1.5669320563082652,0.9024881435975513,88.42531285100556,0.6876515163508563,172794,2.422205455123452,1.1893209565796692,71.85300810217127,0.8496377763281755,551850,77754,1.560252806134308,0.5650409920837228,82.93881716812443,0.4302454009269921,78834,1.5597707382246175,0.5991814905998085,89.57493665642306,0.3499395590299117,104754,1.5669378753169867,0.556912872940541,88.42468821700326,0.310869300018306,172779,2.4222921358298826,0.7477080585194052,71.85401897382282,0.4068787951181579,7.0
cam236_w1,236,1,CAM236_2025-05-08-115327,2025-05-08-115327,SI206_2025-05-08,130680,87480,87480,106920,0.0851871451121729,1.636029143595911,0.1194804812197096,0.0331523411758217,0.1029286129409874,2.1933823314346493e-05,585330,87474,0.9352493686815794,1.0878222324639593,64.14201816801365,1.0070512316571694,87474,0.927599298078985,4.296253733534757,68.12281243164414,0.9718816609576616,106914,1.2810394250998405,1.091381301057947,59.34570356823522,1.0817303144445838,172794,2.1672317804019423,1.207231471401342,47.496565113769776,1.2726636678741423,585330,87474,0.9352491533709808,0.7513360747767975,64.14246675361652,0.5155647704965732,87474,0.9276176268249032,1.5004378370174245,68.11831815904614,0.4349501705962875,106914,1.281029853266173,0.6752486158026244,59.351095711647176,0.4739864661981559,172779,2.16736806878706,0.8863895893889746,47.49247487775248,0.5673639906339542,8.0
cam236_w2,236,2,CAM236_2025-05-08-115327,2025-05-08-115327,SI206_2025-05-08,122040,91800,83160,100440,0.0867089675428563,1.5065111776547429,0.1095262525389814,0.0397878538575069,0.1108127962320806,1.6805004456364235e-05,570210,91794,0.785987000940603,1.1379061550137626,69.4116016609443,0.9341569479505064,83154,0.9121604654100944,1.0620312162282857,62.64686957748225,1.025416243792948,100434,1.2181909538589517,1.1797395713168728,60.43309152116956,1.0731673865170568,172794,2.024929967805153,1.22655567093858,41.51250062757561,1.4055405141569548,570210,91794,0.7859780368802656,0.7530526097171518,69.40897044344865,0.4645440600692769,83154,0.9121650995369568,0.6689756221144608,62.64717471269818,0.4918955248290397,100434,1.218190817373339,0.7318282066779315,60.434145098055176,0.4516711815628366,172779,2.02492379780488,0.8582304698690318,41.5115900547611,0.6543833698944752,13.0
cam236_w3,236,3,CAM236_2025-05-08-115327,2025-05-08-115327,SI206_2025-05-08,122040,87480,86400,99360,0.0790579267352973,1.8498175306971656,0.0838444181383325,0.0732993080069816,0.0800300540605777,-5.363474259023247e-05,568050,87474,0.8034053936656614,1.015342815871204,70.12764029459007,0.9183491337176986,86394,1.0996748471557058,1.1443998192468368,66.14652519844589,0.9916244089952944,99354,1.308889529740334,1.200618249942962,57.82014089121474,1.0923590381567805,172794,1.8095699702398684,1.26306938538248,55.86283067460432,1.1443232349470829,568050,87474,0.8034050369722485,0.5908995452544956,70.12556010317664,0.4319037429747333,86394,1.099679482736739,0.8213418815072542,66.14824213417792,0.4907135941118456,99354,1.3088886876399015,0.7306851233162623,57.820597983430886,0.515678418624971,172779,1.809571502608085,0.7950405779069977,55.86328840707904,0.4710800305859261,8.0
cam236_w6,236,6,CAM236_2025-05-08-115327,2025-05-08-115327,SI206_2025-05-08,113400,82080,82080,108000,0.0702970037819744,1.679438210721803,0.0906932167766052,0.0320905748417185,0.0881072197275994,4.495944371021372e-05,558330,82074,0.8693302097153491,1.1002370336488765,69.45392527586915,0.9230965074444032,82074,0.9260422207006196,1.060199355965325,64.75951057614542,0.9979299294000004,107994,1.3175581526660098,1.105686392745001,61.03598439960117,1.0614873711532606,172794,1.854034601279826,1.168875207707203,54.70187957056313,1.1591892506088952,558330,82074,0.8693318734687947,0.8102493804685823,69.45416451823552,0.4814817953847409,82074,0.9260407972361,0.6522066551416436,64.75943034578137,0.4642593821922624,107994,1.3175690472129742,0.7211510798627152,61.03433111798963,0.5055878656096294,172779,1.8540950804263476,0.7762842514709244,54.70354769723509,0.4762200481502722,3.0
cam241_w1,241,1,CAM241_2025-05-08-115304,2025-05-08-115304,SI206_2025-05-08,154440,89640,82080,103680,0.0364830231515237,2.348535787187889,0.0601354639504988,0.0144585941396719,0.0348550113644004,-3.3576031328159574e-05,602610,89634,1.3390376120722365,0.8908468123220133,88.44827373527337,0.7025622827441137,82074,1.1774915097401013,0.7911482446435602,92.45136684974962,0.6478001009773953,103674,1.515044349416866,0.8882541583800472,82.5520953245558,0.7383667587152285,172794,2.2671158407623277,0.9646689893830938,68.00779918868452,0.8910908707287418,602610,89634,1.3390449025060067,0.6626236851628806,88.44722879035301,0.3876640755573098,82074,1.1774755416379543,0.4268818506934062,92.4525025249643,0.2866532008237484,103674,1.515045859854572,0.5636723537245042,82.55048696890975,0.3593931045638325,172779,2.267144267305787,0.5969739176182512,68.00626300112792,0.4018928444891317,11.0
cam241_w2,241,2,CAM241_2025-05-08-115304,2025-05-08-115304,SI206_2025-05-08,151200,90720,82080,101520,0.0563230835053184,2.2069967605727405,0.0782522552934211,0.0403781813934691,0.0503388138290651,-5.7616246203223904e-05,598290,90714,1.348660119097446,0.9190347512392796,86.80237248390453,0.7201169322716668,82074,1.305339082153472,0.869857141279528,87.85484062540418,0.6927724718276679,101514,1.7593169222222698,0.8910683575502016,75.07318253679361,0.8111601585742265,172794,2.081776895553792,1.104442298820809,74.44366558897495,0.8203400477918906,598290,90714,1.3486416083175707,0.7070442734060748,86.79996981050057,0.4342213058722934,82074,1.3053513844246918,0.5577011391922356,87.86107565032006,0.3507554889477464,101514,1.7592528799127274,0.6098252585442294,75.07342191451477,0.4287685044350903,172779,2.0818428710484285,0.6808306619486018,74.44055293173504,0.3763968108787259,7.0
cam241_w3,241,3,CAM241_2025-05-08-115304,2025-05-08-115304,SI206_2025-05-08,141480,88560,79920,103680,0.039212525523624,2.232894271676728,0.0596187887980091,0.0081750473899838,0.049843740382879,-1.0601496158222411e-05,586410,88554,1.2108594924243727,3.221755206704262,89.62023587257234,0.6883283077719483,79914,1.2591603577978854,0.7837897133730135,90.27829269388482,0.6519297351051059,103674,1.6550260675776505,0.8983147262842566,79.69944547586849,0.7568754713716668,172794,2.1236395023702923,1.1868483734578346,71.69633211960472,0.8461385774925416,586410,88554,1.210859906351227,0.8390469070537773,89.61977332880814,0.4081075016979995,79914,1.2592144841967208,0.4032506798959982,90.27366991318203,0.302005010867002,103674,1.6549998553860026,0.5436655039678225,79.70082877490108,0.3748028775251377,172779,2.1237384079744364,0.779780979762711,71.6942527920839,0.4023561573518975,8.0
cam241_w4,241,4,CAM241_2025-05-08-115304,2025-05-08-115304,SI206_2025-05-08,193320,85320,79920,109080,0.0346745199605635,1.9380873520800188,0.037702985763823,0.0191242743330643,0.0471962997848031,2.435155875334536e-05,640410,85314,1.2776737538173706,0.7372092013129323,89.95471439542226,0.6599958336410947,79914,1.217685450812171,0.7695412137714078,91.52294977694056,0.6450759997843218,109074,1.6073350070552777,0.8651341529069266,79.7605245964659,0.7639641398912317,172794,2.3763401417891505,0.9909796875435284,67.23150932292722,0.8972848809207855,640410,85314,1.2776710845970394,0.4123149021352172,89.95486299622563,0.3226830102799827,79914,1.2176911513054536,0.4027166084052253,91.52426574093457,0.2811348983405841,109074,1.6073481156998013,0.5078735993842891,79.7591854259153,0.3722193360595182,172779,2.376427729308671,0.6209780728607698,67.23082714199228,0.3917640052935021,7.0
cam241_w6,241,6,CAM241_2025-05-08-115304,2025-05-08-115304,SI206_2025-05-08,142560,95040,75600,108000,0.0870783241793918,1.6795837776225606,0.1539130986039636,0.0383127409092453,0.0690091330249663,-0.0003255733101825,593970,95034,1.4848181540151928,4.609271503466796,86.02314398614361,0.7247404602631727,75594,1.4607745249248258,0.7811829588480256,81.38276571588366,0.7418724209716958,107994,1.8097706533441589,0.9304124412809722,77.68379415099055,0.7949725264180494,172794,2.5946817104651245,1.0299598181512764,66.88924253790081,0.9088088951885448,593970,95034,1.484822105466693,1.2738092665066072,86.02333323484059,0.4048739080085942,75594,1.4607484248573366,0.4441782875918034,81.38835279228242,0.3709673338934605,107994,1.8097720050362065,0.598839667626717,77.67992868248282,0.4098140870608125,172779,2.5947329003695065,0.6754961865405624,66.89256137845884,0.4108534407796484,7.0
cam245_w1,245,1,CAM245_2025-05-08-141101,2025-05-08-141101,SI206_2025-05-08,99360,100440,95040,102600,0.0186831673886758,2.660132432067335,0.0125021694585667,0.0111910551225801,0.0323562775848807,8.716958237057333e-05,476119,100434,0.7183004266534276,0.9370080765626124,79.51517473403337,0.8089565377812072,95034,0.7025824119562345,1.0567087814866696,78.53397796700186,0.8276700705031964,102594,0.9143932133656366,1.0814259773705093,69.23370153056604,0.912756140373245,78703,1.1987416045656611,1.6307160009013777,69.56040538135557,0.9145792802777732,476119,100434,0.7182820468332503,0.4803359622015775,79.51355790815855,0.37459496000469,95034,0.7025782946864512,0.6401630493632853,78.53462435918078,0.3857063436261763,102594,0.914346075277918,0.6414981560056987,69.23893951770752,0.4032876534489061,78688,1.198152620109708,0.986642291028125,69.54707719955775,0.4404770092946173,13.0
cam245_w4,245,4,CAM245_2025-05-08-141101,2025-05-08-141101,SI206_2025-05-08,114480,82080,84240,93960,0.084647593593919,1.889228562895344,0.1348453019357571,0.0390984055439174,0.0799990733020827,-0.0001094889689562,547530,82074,1.081034552910879,1.0996380310262452,64.47356682284246,1.005304988356215,84234,1.0290927067514928,1.082162688713184,69.75151969654232,0.9390907585037044,93954,1.2227318303999246,1.0527445219376843,62.7096442291515,1.0169881260984486,172794,2.2888400009389755,1.2115184341190297,52.38471459960624,1.1812422226632746,547530,82074,1.0810194627961394,0.846704650708378,64.47395479165428,0.5689539592022502,84234,1.029104267284579,0.7131527465039765,69.75004830684915,0.4529259239404843,93954,1.2227484192432705,0.6023430702059106,62.70976287175412,0.4268344655693761,172779,2.28888006930852,0.8104581578403818,52.38510204453136,0.5018172867860379,7.0
cam245_w6,245,6,CAM245_2025-05-08-141101,2025-05-08-141101,SI206_2025-05-08,123120,84240,81000,101520,0.0789305074532061,1.7604591860764212,0.1178704404979542,0.0474896336301566,0.0714314482315075,-6.00797865761602e-05,562650,84234,1.0736480026428532,1.052185373687517,63.95846016169836,0.9898239928472292,80994,0.9517516657899217,1.0248146825919655,65.52674148917048,0.9730834299262964,101514,1.2780035443622606,1.101180040366031,60.65974190568415,1.0396725428278233,172794,1.8652152338829635,1.1984686853538302,55.13547696096284,1.1224691074362854,562650,84234,1.0736411708978906,0.7890889652079643,63.95955953400489,0.5492061022618493,80994,0.9517610572166436,0.6012407182421226,65.52748961144279,0.4656222987117934,101514,1.2780033041202268,0.7181551675801535,60.65843241285751,0.4970216745239754,172779,1.8653032466099249,0.7761243414860839,55.1330047482749,0.4791952217881583,8.0
cam302_w1,302,1,CAM302_2025-05-08-122159,2025-05-08-122159,SI206_2025-05-08,143640,89640,86400,106920,0.0975058428342696,1.5086487010158578,0.1097674304726678,0.062007487704936,0.120742610325205,0.0001850225431668,599370,89634,0.8864036479649675,1.1064815935731755,67.06309005235636,0.9693451014917897,86394,0.9254631276163106,1.0777896354012384,63.82967260545029,1.0054358159096524,106914,1.296473140597108,1.0808007217190363,57.70408602034352,1.0917551465943505,172794,2.473922301431356,1.119820394179666,45.71751214285816,1.2954447438043548,599370,89634,0.8864074078719623,0.846250180993438,67.05985149954006,0.518896192426212,86394,0.9254392773680138,0.6705218111433393,63.83362429589548,0.4882567535387746,106914,1.2964882692573985,0.6916418481010668,57.70344271291791,0.5066627473398686,172779,2.47391105654404,0.7403266435951743,45.71791259474335,0.5552285080145973,7.0
cam302_w2,302,2,CAM302_2025-05-08-122159,2025-05-08-122159,SI206_2025-05-08,130680,88560,86400,105840,0.0820656138866581,1.688577627778704,0.089293607581389,0.0622885531382781,0.0946146809403074,3.9759708370913925e-05,584250,88554,0.7845033640666933,1.1104661796059525,72.72919284464571,0.8946750855868617,86394,0.8750438419875891,1.1644939478722496,69.04251375229519,0.9407033960430043,105834,1.1135449212233997,1.1747604089007024,64.58133487829332,0.9989333758569604,172794,2.1035575913779305,1.209576022780448,52.485846075377125,1.176795406512828,584250,88554,0.7845195053780809,0.7757687229755555,72.72834920813678,0.4514633452495302,86394,0.875026779802161,0.795795339280692,69.04218651909837,0.4702643305074785,105834,1.1135454421170043,0.777019046696381,64.58099950242018,0.4727707852963681,172779,2.103317493153748,0.8521441981757575,52.48706739841241,0.5001241464936891,9.0
cam302_w3,302,3,CAM302_2025-05-08-122159,2025-05-08-122159,SI206_2025-05-08,122040,81000,81000,99360,0.1214147991962984,1.452131508801014,0.1228117693595842,0.1118757885364371,0.129556839692874,0.0001142361993024,556170,80994,1.0597860221646065,1.0397261286226254,60.28631657766529,1.058909973864692,80994,1.1623990959783157,1.1229482512068938,62.9059142409678,1.027486852149257,99354,1.290764562338013,1.1362257234341369,61.01642792319773,1.0612041853393035,172794,2.701177399950822,1.1886154834625773,47.359962381152805,1.2838702062898604,556170,80994,1.0597705447774508,0.8109971170620747,60.28775186226523,0.5917460398849154,80994,1.1623832660418458,0.8411823492876586,62.90614863496881,0.5345961134760369,99354,1.290776117694015,0.7397925394886372,61.018844546330186,0.4539057084141214,172779,2.701203781716385,0.7891976875368097,47.35872894751838,0.5612811600322671,13.0
cam302_w4,302,4,CAM302_2025-05-08-122159,2025-05-08-122159,SI206_2025-05-08,117720,88560,85320,101520,0.1120131159626398,1.552325831962336,0.1995568034845495,0.0289978727224287,0.1074846716809414,-0.0001951130814618,565890,88554,1.106550279178482,1.1944426446438956,57.099185835356,1.089386522314314,85314,0.9274030489353984,1.0790704881275628,64.84330316138987,0.9906287126657208,101514,1.1557713672478462,1.0725893962161022,61.155159334535256,1.0524478662829366,172794,2.542576975127331,1.2775479313430214,50.20970744211959,1.2203184370314355,565890,88554,1.1065510318797551,0.9895547198722532,57.0998816357568,0.6251652572041829,85314,0.9274036112070212,0.6236094950118658,64.8447085152599,0.4501009759895004,101514,1.1557675431037564,0.6170846330931703,61.15565176612912,0.4379084401742735,172779,2.5427732300165737,0.9143951828407356,50.20677053461784,0.5441398045884661,8.0
cam302_w5,302,5,CAM302_2025-05-08-122159,2025-05-08-122159,SI206_2025-05-08,127440,85320,85320,103680,0.0711271797620464,1.949075751872429,0.1328346927626572,0.0263004995011308,0.0542463470223511,-0.0002084850408439,574530,85314,1.0327331007826643,1.186826863840735,63.632771805925024,1.019395013666447,85314,0.8487436570444001,1.0807739371394691,66.15042675281504,0.9722577798788588,103674,1.1429072220394807,1.0503973479262023,61.08600551754293,1.0566003239959674,172794,1.8783494087958357,1.167892479753054,54.245856040747256,1.1620440646561987,574530,85314,1.032731271035732,0.9349615920351584,63.631476400171785,0.5466510979343019,85314,0.8487573574071966,0.653681041380404,66.15231263770401,0.4449615295813753,103674,1.1429001448181615,0.6077147383357602,61.085586667911215,0.4432854448776014,172779,1.878290398386186,0.7639703005449154,54.24520433061459,0.4540213775559928,13.0
cam304_w2,304,2,CAM304_2025-05-08-114024,2025-05-08-114024,SI206_2025-05-08,123120,87480,87480,103680,0.0986640166647659,1.7082449612871775,0.1367280713032153,0.0897210946532107,0.0695428840378717,-0.0001441616271613,574530,87474,1.0739812918876792,1.033163559957966,66.10016695206048,0.9389007977187022,87474,1.285497779215847,1.1251583040531856,62.98751487746392,0.9738353896492992,103674,1.218522295976623,1.1781586834525857,65.80921883908724,0.9357146746456648,172794,2.150836668727297,1.2033864297850434,53.93437441032711,1.1175247998236275,574530,87474,1.073986136350059,0.7930575110833078,66.09993547763415,0.5130098668165413,87474,1.285501134597414,0.8422636599410925,62.986778015834986,0.4940124034944593,103674,1.218513306973767,0.7661813868285905,65.80947360673858,0.4058665958289357,172779,2.1509716510994163,0.8202188528050903,53.93163108480646,0.447963231952932,9.0
cam304_w4,304,4,CAM304_2025-05-08-114024,2025-05-08-114024,SI206_2025-05-08,122040,79920,79920,102600,0.1241786678630632,1.492686737223018,0.1321125513226963,0.0901296406578952,0.150293811608598,7.389634902065179e-05,557250,79914,1.0492664455335157,0.997747938163801,63.24204370868959,0.964524883601245,79914,1.1927796086444753,1.1648158334655243,65.19460754671276,0.9462944522671136,102594,1.5482158781166655,1.0455126528872152,55.54408538687172,1.0843083421385682,172794,2.7671942815235937,1.2079106429960729,48.44138753690965,1.224974757915036,557250,79914,1.0492509475899343,0.7337350714739193,63.24389669580256,0.5247366470744287,79914,1.1928200796546709,0.8935196082844958,65.19183210777317,0.4795050207902709,102594,1.5481981780695475,0.7034869505099484,55.54376329093953,0.5158633174738558,172779,2.767169411405712,0.8898654476398223,48.44488250014839,0.5204477023872169,8.0
cam304_w6,304,6,CAM304_2025-05-08-114024,2025-05-08-114024,SI206_2025-05-08,123120,84240,85320,102600,0.0805398190349473,1.8053387885628245,0.0978370252467844,0.0850132853858627,0.0587691464721947,-8.670000709023439e-05,568050,84234,0.9331536072682186,1.0355871766157396,67.33147400431872,0.893767368066089,85314,1.1604498371238146,1.0744952767375044,63.4766717359569,0.9557095601958536,102594,1.1196515597998276,1.1115947895236795,65.48173359840371,0.9274636815357454,172794,1.916274951783496,1.2137142068547817,56.03091389139927,1.0740773172242788,568050,84234,0.9331428540707636,0.7555079173710089,67.33423809328966,0.4821302642882222,85314,1.1604516473740198,0.7762649897574891,63.47415289152349,0.4960889158296594,102594,1.1196548020139587,0.6931633780126997,65.48269085698944,0.4098220749945449,172779,1.916348269742044,0.7946403148841465,56.03101647677749,0.4561705040465844,11.0
cam306_w1,306,1,CAM306_2025-05-08-114043,2025-05-08-114043,SI206_2025-05-08,114480,81000,79920,105840,0.0939939396135641,1.849659343545096,0.0738061673045645,0.0964033755509602,0.1117722759851677,0.0002221434730799,554010,80994,1.175846916657802,0.9873054466234572,72.84975030067463,0.8557451591478075,79914,1.3029194071968568,1.0084410206464962,64.26084943099141,0.9443158472828764,105834,1.2963990919165649,1.0704913433642396,64.9342242645364,0.944113419495652,172794,2.281030612422508,1.4250794700570573,50.69242047312216,1.1775227162417778,554010,80994,1.1758567650729328,0.6777128401297423,72.8491980819827,0.4613839942916626,79914,1.3029306130355034,0.7340511881645664,64.2621405232945,0.5095547760073159,105834,1.2963495651117811,0.712402447206431,64.93342795955486,0.4420671814194664,172779,2.2812561587183158,0.9479900816806937,50.69670956448612,0.5635712210261241,3.0
cam306_w2,306,2,CAM306_2025-05-08-114043,2025-05-08-114043,SI206_2025-05-08,122040,81000,85320,102600,0.1054554916859437,1.6926958946355737,0.1206325465159413,0.093359701911294,0.1023742266305958,6.649941767281031e-05,563730,80994,1.1543923911652632,1.220719164817113,63.768299870257145,1.0129650829810233,85314,1.3740753453024706,1.119542131144707,75.17841824755564,0.8440057804169918,102594,1.6596128346445418,1.0509391398631531,61.39538218381703,0.9924222365300542,172794,2.408891239747432,1.1911862024052269,53.97385892653045,1.14544236934767,563730,80994,1.1544036578364472,0.923185860404162,63.77276944603491,0.6407920732920821,85314,1.374063817212803,0.7187385903047201,75.17852771977438,0.4002641177340467,102594,1.6596257133551031,0.744392749266505,61.39329681776213,0.4777339813875864,172779,2.408954435028643,0.7935247211616796,53.97443126454257,0.5102333921025448,9.0
cam306_w4,306,4,CAM306_2025-05-08-114043,2025-05-08-114043,SI206_2025-05-08,124200,85320,78840,105840,0.0914937847524287,1.747638258524588,0.1276060766047311,0.0535873842844926,0.0932878933680624,-6.024565095061368e-05,566970,85314,1.259103392585787,1.0099138516647614,75.04284286442835,0.8389384517077034,78834,1.213662852467583,1.0807599236606753,73.68614865064643,0.8504062925754154,105834,1.4234651689359503,1.1340783760526267,66.89801074434241,0.9206055702582384,172794,2.176548263165877,1.1826378246381513,56.81324777234529,1.076732691262603,566970,85314,1.2591113925756257,0.7518421591792311,75.04642122521633,0.4550205239910705,78834,1.2136439126236516,0.737132767467554,73.68398725049828,0.3909399866458695,105834,1.4234795614653966,0.8049556889819427,66.89749693100079,0.4438832594304291,172779,2.176555681456241,0.7898370044889556,56.81460548810541,0.4490859113951903,7.0
cam306_w5,306,5,CAM306_2025-05-08-114043,2025-05-08-114043,SI206_2025-05-08,164160,86400,86400,104760,0.0944610128664819,1.6667374965100124,0.1250973423387487,0.0495609453922232,0.1087247508684737,6.041964988001533e-05,614490,86394,1.1821519670788974,1.069066657648846,72.092345716893,0.8730837857578326,86394,1.1507768757159726,1.0576184539608795,74.10632904072587,0.8464253065217451,104754,1.548738060120631,1.095465492403899,63.58584571311896,0.964070370702258,172794,1.8180855653990229,1.3059507070731344,53.088941201457054,1.1198784649742948,614490,86394,1.182168870795361,0.8130482676083005,72.09198304533544,0.5207256560297234,86394,1.15076003852647,0.6833078429215872,74.10643662781659,0.3841823357335682,104754,1.5487376196903946,0.7589450923389602,63.58724927427865,0.4852479899891779,172779,1.8178064826904785,0.872887945452438,53.08835791281733,0.5477989506633766,7.0
cam306_w6,306,6,CAM306_2025-05-08-114043,2025-05-08-114043,SI206_2025-05-08,102600,83160,82080,104760,0.0679741991915277,1.9865065515507283,0.0690582109362882,0.0582359743708843,0.0766284122674107,0.0001158690999938,545370,83154,1.318353313548072,1.319760299377488,77.11999012821686,0.8705467905130073,82074,1.3265350815498118,1.156340409853863,79.59799024227733,0.8014180021489514,104754,1.3565082564501871,1.0964680911974956,69.11529309914594,0.901560555948248,172794,2.248634252134864,1.159514572773518,55.59160821162145,1.1104188719455916,545370,83154,1.3183438135108383,0.8128229741685946,77.12489051786211,0.5107162503762921,82074,1.3265612303967371,0.7240788979295517,79.59511043919717,0.3733870676165737,104754,1.356507003010418,0.7418900063351838,69.11535554140248,0.4016181496848822,172779,2.2486091865293,0.7814761836455412,55.59404822477211,0.4824844234953925,10.0
cam307_w1,307,1,CAM307_2025-05-08-122128,2025-05-08-122128,SI206_2025-05-08,106920,92880,89640,102600,0.0999550874340384,1.625087914399456,0.0821177052513114,0.100295513804518,0.1174520432462857,0.0001346668089164,564810,92874,1.013509556620867,0.9552878162739812,71.52131620300523,0.8806943428409523,89634,1.1801545860471607,1.0876184026909068,67.45058134278788,0.9597892771002134,102594,1.468051412185615,1.055287336889611,57.395340108841054,1.1137772515491575,172794,2.136088841591436,1.162974194877111,51.92794600570272,1.2007687570173435,564810,92874,1.0135086156341604,0.6869232369844708,71.52042268115832,0.4890147466152716,89634,1.180152983623517,0.7781159636067388,67.45099211833052,0.494334106326579,102594,1.4680529400166928,0.6636965455887777,57.396629848312976,0.5167235522590554,172779,2.136170188131493,0.7860386069930275,51.928580124880455,0.5227759390876052,8.0
cam307_w2,307,2,CAM307_2025-05-08-122128,2025-05-08-122128,SI206_2025-05-08,123120,90720,89640,108000,0.0839658697918063,1.4977598837610064,0.1017583386672356,0.0435676363442075,0.1065716343639758,0.0001172576501335,584250,90714,1.1492155762634273,1.0401982955288045,69.49520890054978,0.9398121788832104,89634,1.0451323282344769,1.0201064456993103,66.1528123042971,0.9864327982437656,107994,1.3280265845599784,1.0645431574398485,60.34559837516644,1.0764444489489873,172794,2.329512434266711,1.1429125476592392,49.82173993379984,1.241141305691729,584250,90714,1.1492079640820534,0.7608338654322517,69.49669554069273,0.5141300029127015,89634,1.04514196041884,0.5835961304971408,66.15189233080505,0.4599485057278997,107994,1.3279490486660233,0.6372048326111404,60.34746038853033,0.481427896850793,172779,2.329592939057179,0.7660608526611038,49.819337485108655,0.5165408193768589,14.0
cam307_w3,307,3,CAM307_2025-05-08-122128,2025-05-08-122128,SI206_2025-05-08,206280,95040,87480,108000,0.0839198649302088,1.6852494643839988,0.0219726378116751,0.0618137408391125,0.167973216139839,0.0005979874110004,669570,95034,0.7677999767200393,0.945688828154916,76.97866283203012,0.8457987950249383,87474,0.9774568006205828,1.0127465410900902,61.51966691791566,1.0371770854999125,107994,1.2880662572865182,1.0755771930450055,58.16952895458349,1.0855519349576213,172794,2.803703899739151,3.234661730788877,45.85997758023663,1.3013390367018798,669570,95034,0.7677898770440619,0.5106603201174571,76.97632433550982,0.3781060846398437,87474,0.9774678706359692,0.6554172844738624,61.52099709894458,0.540480182381518,107994,1.2880639365157696,0.7103815504153547,58.16991572683988,0.5181070361629365,172779,2.803525841175524,1.245931437889796,45.86008867514071,0.5959517201176231,9.0
cam308_w2,308,2,CAM308_2025-05-08-114056,2025-05-08-114056,SI206_2025-05-08,112320,82080,96120,103680,0.0807276597385169,1.705395324006572,0.1190961367688105,0.0408417295787952,0.0822451128679448,-6.11367612271295e-05,566970,82074,0.9247369127406734,1.0900304183540417,67.03162320043296,0.9508534753129456,96114,0.7965637808377878,1.1545910433514854,71.65819842887696,0.8976122743295893,103674,1.2382816720396796,1.075405663160734,59.52859532126627,1.0512921289530663,172794,2.161478009619667,1.149520835932598,49.88591160278053,1.2161706954923217,566970,82074,0.9247281355313184,0.8216765646316067,67.03093056398951,0.5048857399837141,96114,0.796549327858376,0.7378666024350795,71.65875907016296,0.402165756688408,103674,1.2382963957145887,0.660348346661594,59.527623731196925,0.4657728181344668,172779,2.161446652967473,0.7620034367508757,49.88881049185425,0.5052775735368332,7.0
cam308_w3,308,3,CAM308_2025-05-08-114056,2025-05-08-114056,SI206_2025-05-08,123120,86400,86400,102600,0.1079335726633098,1.5047253396511266,0.1618443898200928,0.0570908233481651,0.1048655048216715,-0.0001500416088472,571290,86394,1.020379162801697,1.037223973952213,62.456193917518256,1.0056941763470169,86394,1.0133876937605693,1.1036742818269414,64.0004599785447,0.9965910097819644,102594,1.3167597283628896,1.1076371191250085,59.411306201446585,1.0620356967585716,172794,2.2829814291789328,1.252478300309768,52.189069067867095,1.181534588417503,571290,86394,1.0203743584991791,0.7696895273309335,62.45746937427171,0.5680028352836753,86394,1.01338801131543,0.7075791162017396,63.997349261706844,0.4840853139865046,102594,1.3167572449782337,0.6862056269899348,59.41073562718193,0.4684613323234511,172779,2.28290833038838,0.8415690460003381,52.19188645132223,0.5153340737859253,8.0
cam308_w5,308,5,CAM308_2025-05-08-114056,2025-05-08-114056,SI206_2025-05-08,116640,92880,89640,113400,0.1372925475846827,1.3400180296305055,0.2230336803454735,0.0712751480430576,0.1175688143655169,-0.0002061025711058,585330,92874,1.3813549298504624,1.0298253603773369,56.64396602821,1.0872924318539263,89634,0.9614784810474836,1.1138181000970868,64.02151623365822,0.9877005681560797,113394,1.214694812449625,1.1347431025964565,58.40916876464632,1.0609676116664448,172794,2.49127186216263,1.2868575913322422,48.32112288373048,1.2110319094569513,585330,92874,1.381370389729336,0.818695146540066,56.64211628256518,0.6103398362001025,89634,0.9615046136942312,0.7596289424758069,64.01824665613245,0.4809147060595803,113394,1.2146771145388404,0.7299226579310011,58.4119242664378,0.4678242486829623,172779,2.4914202708327875,0.9073664788953864,48.31929923547323,0.5669444243388876,8.0
cam309_w1,309,1,CAM309_2025-05-08-114626,2025-05-08-114626,SI206_2025-05-08,122040,86400,83160,109080,0.0960106145157559,1.6581542315177304,0.1703235296005134,0.0550209944346772,0.0626873195120771,-0.0002839524764986,573450,86394,1.1729179021399994,1.1442678831669126,63.06718533810902,1.002120675128876,83154,0.9491583941182984,1.1493618154415222,66.04000013680395,0.9645626525943802,109074,1.1989548187988406,1.0868858921561662,60.2893084833092,1.0399381224807562,172794,1.9408287605920715,1.2241470230117868,52.98858645830606,1.1593555885190403,573450,86394,1.1729262234431457,0.9340178434800378,63.06711155688557,0.5627292295825844,83154,0.9491720106966864,0.7367780435561677,66.03959508307955,0.4760357764705337,109074,1.1989360964878637,0.6932244107005088,60.28733602505617,0.4754214108887752,172779,1.9408528211127856,0.8104965689062047,52.98803951162704,0.4556078255054567,8.0
cam309_w2,309,2,CAM309_2025-05-08-114626,2025-05-08-114626,SI206_2025-05-08,117720,82080,81000,104760,0.1174543616701436,1.5846903148623406,0.1449560299548014,0.1070136427007466,0.1003934123548828,-8.991656347158696e-05,558330,82074,1.084424926005238,1.150750746636557,65.19844851422948,0.9725536778464702,80994,1.2514310126510113,1.1044907259154144,59.82251350708921,1.0313141143248614,104754,1.3472377353043312,1.1566967770993517,60.76963968888131,1.0362594139258048,172794,2.134876875990891,1.2152303135330862,51.09052834416687,1.1944936633327703,558330,82074,1.0844271039101558,0.9323904438873236,65.19931206334279,0.5380971836479236,80994,1.2514262661627855,0.8023825836667001,59.8221489067916,0.5192757679847345,104754,1.3472297230724943,0.7848991036276536,60.77012160593682,0.4626458259731751,172779,2.1349627204254977,0.8309174533679493,51.09241358837089,0.4970963890934119,8.0
cam309_w3,309,3,CAM309_2025-05-08-114626,2025-05-08-114626,SI206_2025-05-08,117720,85320,81000,108000,0.1066198038096345,1.44070117012875,0.1445317103385129,0.0510481937734396,0.124279507316951,1.6308125677485705e-05,564810,85314,1.0847424315071432,1.1106983066655598,63.98434893669843,0.9865007620461436,80994,1.036648415936332,1.7596420604142875,60.67940999050876,1.015231241495188,107994,1.2287048354707084,1.0917648264567317,62.17171764650035,1.0099056856258974,172794,2.595470964188411,1.0778815984991388,47.52329284448445,1.2588487533242156,564810,85314,1.0847510024785338,0.8362667683949003,63.98590594997731,0.5497136840317259,80994,1.0366460080781208,0.7871107932221012,60.67947068868476,0.4865894815719116,107994,1.2287759008074486,0.6706274345531709,62.16797275014619,0.4627739443055579,172779,2.595323435567705,0.7238987785303317,47.52519803452513,0.5356833000315447,11.0
cam309_w4,309,4,CAM309_2025-05-08-114626,2025-05-08-114626,SI206_2025-05-08,117720,82080,82080,105840,0.1056008995095859,1.5215436708346466,0.1233365603550197,0.0731707160315411,0.120295422142197,5.5965947917577855e-06,560490,82074,1.061878361273934,1.0860022191719585,60.80299449942227,1.036751674163591,82074,1.0776952982579002,1.197745605006599,65.84778647106283,0.9670854288080254,105834,1.4354691792579768,1.1876041841247031,61.96569539264089,1.031410159081152,172794,2.5691812209233085,1.1787894398777532,49.94398909206218,1.2151125017277034,560490,82074,1.0618897366922526,0.8434680312044965,60.79913918289802,0.5792907442448428,82074,1.077698260543492,0.8876876627062527,65.85054378933026,0.4515219381846975,105834,1.4354661277942782,0.8458474253002313,61.96241080843821,0.4513231964071685,172779,2.56923810274204,0.8504075945424407,49.94439446396443,0.4948113084123622,7.0
cam309_w5,309,5,CAM309_2025-05-08-114626,2025-05-08-114626,SI206_2025-05-08,118800,88560,79920,102600,0.0733298016540819,2.057633205162315,0.1420705418803602,0.0239809957093766,0.0539378673725089,-0.0003197491875945,562650,88554,0.8271700710634186,1.128907332327857,70.14561667486532,0.9002017407691986,79914,0.8349545691075659,1.1198311633686775,68.5476454796137,0.917937360729535,102594,1.1803485083589793,1.130088276621282,63.40141017583745,0.9964881622533472,172794,1.7994224754098536,1.2171175103419003,56.92110588182023,1.0898730520216424,562650,88554,0.8271749037850501,0.8410818630802053,70.14593152683533,0.4624691955113906,79914,0.8349892376379047,0.703468461760794,68.54662793123026,0.4026590560001206,102594,1.1802925016741184,0.7138963274659699,63.40399763241168,0.4423996721617567,172779,1.7993367253495849,0.7752057371953645,56.91903357754071,0.423981736737673,14.0
cam309_w6,309,6,CAM309_2025-05-08-114626,2025-05-08-114626,SI206_2025-05-08,118800,84240,84240,105840,0.1022952286974172,1.4914977974812675,0.169873732990045,0.065311006535423,0.0717009465667835,-0.0002496022803997,565890,84234,1.2143619174790805,0.9994828347045136,60.80593038184602,1.0241246115835994,84234,1.0956549711580266,1.0246543259769825,61.87996786942242,1.0213830293034212,105834,1.2602070290257583,1.057458178080191,60.681629285070336,1.0374422285371832,172794,2.139843643338371,1.11571564148527,51.10116792914173,1.191238591796028,565890,84234,1.214349305924852,0.7697173627744431,60.80440312968984,0.5761809431041738,84234,1.0956565730112071,0.6664401922470531,61.880601658647606,0.4782080722420587,105834,1.260207506740882,0.6396626822055452,60.68081466037748,0.4530786294944303,172779,2.1396831424719847,0.7404725905617711,51.102817343786974,0.4726837188978877,9.0
cam516_w1,516,1,CAM516_2025-05-08-122149,2025-05-08-122149,SI206_2025-05-08,118800,85320,78840,98280,0.0805280339022653,1.4096598033211176,0.0800167789802713,0.0548557556699473,0.1067115670565773,0.0001742008990045,554010,85314,0.91475600063408,1.028904898246019,68.69879348969005,0.9233668627915036,78834,1.0465080133842046,1.047348215736161,63.04055882748287,0.9963427559009624,98274,1.3656295889531165,1.081857077768484,59.242200843009,1.0650236592953846,172794,2.391349582447169,1.1206954179703477,49.70530108139125,1.215212416559983,554010,85314,0.9147654580018936,0.7205167501250006,68.7003668162376,0.4723528113756127,78834,1.046494398543076,0.6739710118146335,63.04162780852381,0.4605526102662057,98274,1.3656292184826484,0.7199347173998137,59.24333098413918,0.4542715257182191,172779,2.391523706667968,0.7483898062904235,49.696806455897466,0.5111950660785786,4.0
cam516_w3,516,3,CAM516_2025-05-08-122149,2025-05-08-122149,SI206_2025-05-08,119880,82080,82080,99360,0.0991884619453684,1.7439878442165668,0.1310175138574273,0.0776176314666604,0.0889302405120176,-8.131193328202406e-05,556170,82074,1.070488832057182,1.0915859018695726,60.68166124120659,1.0193839522173198,82074,1.0888111625322945,1.2262355269911032,63.379258173348205,0.986386320625136,99354,1.213659817122857,1.1950058932651684,62.25659364992775,1.0016355719289436,172794,2.144185269659909,1.2910074797803788,53.504458011183296,1.1498818490014378,556170,82074,1.070483460396979,0.8548039627488369,60.68567285776182,0.5559471165804675,82074,1.0888091543790337,0.9218607507048104,63.3778997004848,0.4851473439226648,99354,1.2136596244942126,0.7556246404019712,62.25838956402637,0.4356884055740984,172779,2.144261998607341,0.9031690686070308,53.502225422695886,0.5031500726819568,14.0
cam516_w4,516,4,CAM516_2025-05-08-122149,2025-05-08-122149,SI206_2025-05-08,117720,78840,82080,98280,0.0940304531341372,1.6218601425234107,0.1225048505878011,0.0697462115587909,0.0898402972558196,-0.000153984939515,549690,78834,0.8670066320728406,1.1529466525112813,67.43196786438232,0.9377569951906785,82074,1.1002670257752394,1.093258163767063,61.61722684626529,1.0233962065816191,98274,1.4104155266930043,1.0848942825491792,55.91235341034938,1.0929971995457697,172794,1.9919729253107683,1.239351242376957,56.77553227481141,1.1142637306875196,549690,78834,0.8670082493221879,0.8560985355902672,67.43155204865832,0.4806942262610256,82074,1.1002612574316954,0.7120737429817644,61.61789052801218,0.5065568454765943,98274,1.410401440768966,0.6899373673335267,55.91229122578341,0.5016437202964555,172779,1.9919304621335827,0.8310415904878267,56.77637480730533,0.4486677871417647,9.0
cam516_w5,516,5,CAM516_2025-05-08-122149,2025-05-08-122149,SI206_2025-05-08,119880,82080,81000,102600,0.1128597848164099,1.5896150173604189,0.1539948793395766,0.0834905157341242,0.101093959375529,-0.0001517417672618,558330,82074,1.1162867732859405,1.0954721855022456,63.22010040386259,0.986651889461144,80994,1.1046521482866345,1.217876864026728,64.11561508001618,0.9787127564710614,102594,1.3428333056104251,1.1481904198557364,61.08698260584944,1.0320460508858118,172794,2.2258545919507484,1.1955629994957913,52.13577539619338,1.1637333056904284,558330,82074,1.1162805386297674,0.8663116695724001,63.2195242035329,0.5429813814840437,80994,1.104624480994932,0.9273809888858068,64.11706167987295,0.4675609447656628,102594,1.3428681079363491,0.7774723856500342,61.08536238974024,0.4722851020509079,172779,2.225894661141749,0.8559018740048652,52.13391645423831,0.4949487212528953,7.0
cam537_w2,537,2,CAM537_2025-05-08-120219,2025-05-08-120219,SI206_2025-05-08,124200,90720,90720,109080,0.1085998869474291,1.5416351946709843,0.160258244435615,0.0628846512231168,0.1026567651835554,-0.0001114759088375,587490,90714,1.058336908728022,1.1833788837421833,63.81086319130716,1.0224050000491591,90714,0.9613021107562322,1.213337859530606,65.97577181656476,0.9923326972820604,109074,1.246127671975631,1.2037517894957612,62.99024417878507,1.026982130494863,172794,2.276031857781032,1.363741689570809,50.61877340580159,1.1961765042393335,587490,90714,1.0583307261108328,0.940864162949088,63.81104561380637,0.5499257075958018,90714,0.9613067002572384,0.8475393932497779,65.97629107627525,0.4742827094437558,109074,1.2461246130036605,0.8280657687203675,62.98902876846386,0.4730953935773312,172779,2.276105094699347,0.8943991743928722,50.61924332837883,0.5160105100504065,8.0
cam537_w3,537,3,CAM537_2025-05-08-120219,2025-05-08-120219,SI206_2025-05-08,114480,90720,86400,106920,0.1008939703422572,1.6764003851582625,0.1692850497632977,0.0636202556156156,0.0697766056478582,-0.0003504871689303,571290,90714,0.8885514000819835,1.1514949652987845,67.9062804732002,0.9661928792146104,86394,1.1102827747459352,1.1200329660098072,62.27841718395384,1.042368119660059,106914,1.2663065295892308,1.1607454381597946,62.62160709664148,1.0344460370485755,172794,1.816551546408979,1.2792679033149637,53.86564627964252,1.1659929776939235,571290,90714,0.8885432490904456,0.9099688398101043,67.90894372439242,0.513500163614161,86394,1.110294653382544,0.7883822363034703,62.27648897765692,0.5068800475173862,106914,1.2663009307879252,0.7671059055144174,62.6238387351817,0.4451410402832478,172779,1.8166385837797872,0.7922043488838074,53.86685962628746,0.4745379016547021,14.0
cam537_w5,537,5,CAM537_2025-05-08-120219,2025-05-08-120219,SI206_2025-05-08,118800,90720,87480,108000,0.1019054232192899,1.5013635998810635,0.1377729629385186,0.0685607372386097,0.0993825694807413,-3.707437314960976e-05,577770,90714,1.0571068098420335,1.2063098119706668,63.20353429347304,1.0231787558476888,87474,1.0436867741663136,1.0732279516141738,60.483141697197695,1.0621172087743542,107994,1.3019447169311822,1.1117449932328318,52.60321965081759,1.1892827113646791,172794,2.068193259208334,1.305789482921543,41.49975281260018,1.4020674226982706,577770,90714,1.0571071903603089,0.9860920958170164,63.205205715004446,0.5563082007802568,87474,1.0436931461835608,0.7137544517335963,60.4849611433651,0.5213550345821727,107994,1.3019401472679406,0.7294772134130768,52.60194137755508,0.5298527749519462,172779,2.0681715200627666,0.8533748465735425,41.49821332634231,0.6043348121974278,11.0
