worm_id,cam_id,well_id,recording_id,timestamp,experiment_id,stage_2_frames,stage_3_frames,stage_4_frames,stage_6_frames,total_frames,roam_mean,roam_std,roam_median,roam_p10,roam_p90,roam_early_mean,roam_mid_mean,roam_late_mean,roam_slope,speed_1s_rows,speed_1s_col1_mean,speed_1s_col1_std,speed_1s_col1_median,speed_1s_col1_p10,speed_1s_col1_p90,speed_1s_col2_mean,speed_1s_col2_std,speed_1s_col2_median,speed_1s_col2_p10,speed_1s_col2_p90,speed_1s_col3_mean,speed_1s_col3_std,speed_1s_col3_median,speed_1s_col3_p10,speed_1s_col3_p90,speed_10s_avg_rows,speed_10s_avg_col1_mean,speed_10s_avg_col1_std,speed_10s_avg_col1_median,speed_10s_avg_col1_p10,speed_10s_avg_col1_p90,speed_10s_avg_col2_mean,speed_10s_avg_col2_std,speed_10s_avg_col2_median,speed_10s_avg_col2_p10,speed_10s_avg_col2_p90,speed_10s_avg_col3_mean,speed_10s_avg_col3_std,speed_10s_avg_col3_median,speed_10s_avg_col3_p10,speed_10s_avg_col3_p90,speed_av2_rows,speed_av2_col1_mean,speed_av2_col1_std,speed_av2_col1_median,speed_av2_col1_p10,speed_av2_col1_p90,speed_av2_col2_mean,speed_av2_col2_std,speed_av2_col2_median,speed_av2_col2_p10,speed_av2_col2_p90,speed_av2_col3_mean,speed_av2_col3_std,speed_av2_col3_median,speed_av2_col3_p10,speed_av2_col3_p90,speed_av2_col4_mean,speed_av2_col4_std,speed_av2_col4_median,speed_av2_col4_p10,speed_av2_col4_p90,speed_av2_col5_mean,speed_av2_col5_std,speed_av2_col5_median,speed_av2_col5_p10,speed_av2_col5_p90,speed_av2_col6_mean,speed_av2_col6_std,speed_av2_col6_median,speed_av2_col6_p10,speed_av2_col6_p90,days_alive
cam034_w2,34,2,CAM034_2025-05-08-121710,2025-05-08-121710,SI206_2025-05-08,117720,82080,85320,172800,638276,0.1270649891509128,0.1860276145634598,0.038391224862888484,0.0,0.4055158403836874,0.19610297316727315,0.07247279172123823,0.11261920256422708,-0.00020214424301497776,562650,1.579631239217726,3.478047480757775,0.8092926796344619,0.15918745209159021,3.799050409654074,57.69822170975823,61.972566320913295,24.29734911233919,2.78932297055072,164.60634759197063,3.2360970407891227,1.5302262027509148,3.0,1.0,5.0,562650,1.5795220557842082,1.8211033325206598,1.0537732436712695,0.3345602387938152,3.281954316534398,57.69538687108409,29.043231251274022,55.355240201927,20.08532839461463,99.48111151436876,3.2359370834444148,1.5303379798218173,3.0,1.0,5.0,562471,1.5735418089377238,1.707233807228205,1.0538906158686117,0.33489070232407053,3.2809304600583897,57.709265701024066,29.034728512887522,55.36359789587414,20.12032665381924,99.48965327767318,2.7370193307743866,1.9320922079756013,2.0,1.0,5.0,16.940128468845504,8.027964985224992,16.0,7.0,28.0,3.235642370895566,1.5301296308080474,3.0,1.0,5.0,0.12895242599174,0.3351472778087043,0.0,0.0,1.0,8.0
cam034_w5,34,5,CAM034_2025-05-08-121710,2025-05-08-121710,SI206_2025-05-08,119880,88560,87480,172800,649076,0.11800638227252457,0.1801198475382915,0.041927409261576974,0.0,0.3337308347529813,0.16952121156556427,0.09298405459921259,0.0915138806527968,-0.00014209492419193243,573450,1.379455080931292,1.8034049460818689,0.7431368300905312,0.15827555651046882,3.3992237435439843,60.00839013722314,62.015177473287736,27.869286682526887,2.9477045717779973,164.4459517554598,3.21281715929898,1.5275011400922385,3.0,1.0,5.0,573450,1.3793907677082866,1.226784887039055,1.0297342196269943,0.32671310460762765,2.8233030144195994,60.00457126406421,30.158948660111857,57.824745699811835,20.452871406374197,103.71166957887351,3.2126602144912373,1.52760861614724,3.0,1.0,5.0,572737,1.3811079705734346,1.226581873207306,1.031124837178989,0.32797833700086015,2.824669311301437,60.07927092431188,30.103265548074503,57.87308522841728,20.672560195621028,103.73343697130774,2.5155682276507365,1.4170659902605969,2.0,1.0,4.0,17.594941482739895,8.322736697334193,17.0,7.0,30.0,3.212970351138481,1.5275631768752147,3.0,1.0,5.0,0.11204095422506316,0.31541683341476956,0.0,0.0,1.0,8.0
cam035_w1,35,1,CAM035_2025-05-08-121725,2025-05-08-121725,SI206_2025-05-08,120960,86400,88560,172800,649076,0.10251069388999423,0.16938641073228172,0.027966101694915254,0.0,0.3441617974384404,0.12593897122929382,0.07593841810591187,0.10565469233477698,6.093136740815939e-05,573450,1.363403180669523,1.6705397942850402,0.7688484724693448,0.17095074175406286,3.2743851931029293,61.79282769571852,63.62670365826387,28.389114872543125,2.7613693361871916,166.78382571957786,3.21281715929898,1.5287335962714075,3.0,1.0,5.0,573450,1.3633672431468653,1.1852732035513056,0.9978465202805162,0.3987339811820182,2.754131394755463,61.78709847352463,31.624699914598033,58.95241167408852,21.100933081197287,108.0826734475023,3.2126602144912373,1.5288409856859244,3.0,1.0,5.0,573085,1.3642355768909844,1.1851509287479125,0.998439452128552,0.3994651444444891,2.7548403092687606,61.826450909799895,31.59629099229786,58.976521747608096,21.191242131764316,108.09725840973648,2.5296212603714983,1.347574938968687,2.0,1.0,4.0,18.077787762722807,8.734049954368242,17.0,7.0,31.0,3.213537258870848,1.5288697620253968,3.0,1.0,5.0,0.1018854096687228,0.3024975586105768,0.0,0.0,1.0,14.0
cam035_w5,35,5,CAM035_2025-05-08-121725,2025-05-08-121725,SI206_2025-05-08,129600,87480,90720,172800,677156,0.13379650774013185,0.17815604700652904,0.04978540772532189,0.0,0.39673024523160777,0.14474515662033177,0.12582372803816233,0.13082063856190143,5.869758459655454e-05,590730,1.4481007748087447,2.0308795650926115,0.7371768019176698,0.15088838948838784,3.550853824185552,60.021424658584245,63.635986527197616,25.490357788830934,2.40318297244519,166.62116437509758,3.184652887105784,1.532320726983741,3.0,1.0,5.0,590730,1.4477898073112219,1.4779941854440906,0.984784095567186,0.3350136483058542,3.063942146519232,60.01799828962856,32.83514368090976,57.382971950048244,15.452586413141296,107.58428821247998,3.1845005332385354,1.5324219312602063,3.0,1.0,5.0,584732,1.4626407873572136,1.4782262167777571,0.9968944559301962,0.3455429272868596,3.0791673799222656,60.63364435268169,32.4326547030578,57.83838174623436,17.298700417193274,107.76123545650395,2.612516503286976,1.6844572213511209,2.0,1.0,4.0,17.7488678574116,8.964713886492182,17.0,6.0,31.0,3.1934356252094975,1.5259492923192663,3.0,1.0,5.0,0.13329696339519642,0.33989540000537827,0.0,0.0,1.0,13.0
cam036_w2,36,2,CAM036_2025-05-08-114558,2025-05-08-114558,SI206_2025-05-08,120960,83160,85320,172800,643676,0.11809325145093298,0.1758399196490519,0.03518029903254178,0.0,0.39168880455407973,0.17891753028754928,0.09616172112847576,0.07920050293677394,-0.00026004183441295423,568050,1.2685400673408265,1.5784677925199304,0.6869857222221745,0.13349018284826222,3.16002950602396,59.47701426519115,63.26375373337404,25.05060351591252,2.660177738667467,166.21959797701427,3.2224452072880907,1.5335188291339286,3.0,1.0,5.0,568050,1.268501487604535,1.107629720140338,0.9441998182240301,0.2931490209793948,2.64486077089273,59.47388551668221,30.411063087243832,56.54658128119716,21.07952051667049,103.86959961985563,3.222286770530763,1.5336278956979597,3.0,1.0,5.0,567723,1.2692321255854642,1.1075300860005524,0.9447518486200693,0.29384299749115433,2.6454471114468663,59.508141589738905,30.38629514694499,56.567394261734314,21.152677454492885,103.88001241532078,2.394748847589405,1.28708953755192,2.0,1.0,4.0,17.436503365197463,8.401303237347967,17.0,7.0,30.0,3.222652596424665,1.5335554547490973,3.0,1.0,5.0,0.10767751174428375,0.30997268461727934,0.0,0.0,1.0,8.0
cam036_w3,36,3,CAM036_2025-05-08-114558,2025-05-08-114558,SI206_2025-05-08,124200,86400,72360,172800,639356,0.13616144499496471,0.19036520589517755,0.04950065132435953,0.0,0.42606429192006967,0.20915134350531914,0.0867230996172218,0.11260989186235315,-0.00026423485841107564,563730,1.436507757431522,1.8841971621782685,0.7789401431816949,0.14995368988953414,3.4815182027936378,57.099345889807374,62.619216038672235,22.65568128786351,2.5995061849157355,165.8604586135515,3.2107391836517483,1.5516830655597222,3.0,1.0,5.0,563730,1.4364314963039266,1.3337183747598196,1.024346678780148,0.3221781186974292,3.0387618514362273,57.095839738369364,30.25885001778615,53.8365743799987,18.626090848002992,101.88118641988628,3.2105795327550424,1.5517904770565947,3.0,1.0,5.0,563700,1.4365079428976626,1.3337126956955276,1.0244199766948525,0.3222951802398052,3.0388553879505826,57.098878367413434,30.256788164465057,53.83890704746985,18.6381064058643,101.88228051052747,2.586863579918396,1.5253122561683137,2.0,1.0,4.0,16.771410324640765,8.36468229926869,16.0,6.0,29.0,3.210750399148483,1.5516549975663723,3.0,1.0,5.0,0.13074330317544794,0.3371194029572027,0.0,0.0,1.0,10.0
cam036_w6,36,6,CAM036_2025-05-08-114558,2025-05-08-114558,SI206_2025-05-08,114480,84240,85320,172800,657716,0.08941949350807071,0.13180690819468555,0.02604920405209841,0.0,0.2623534520191057,0.09595192618536057,0.07345109807561223,0.09885545626323936,0.0001054207543616279,560490,1.415335652630826,2.0310140768455605,0.6867270833037551,0.14156488716966914,3.4971659593903412,62.614654286406854,64.56029856870003,27.91763704494369,2.7388302912334717,168.05196757427808,3.2427875608842265,1.525264331533555,3.0,1.0,5.0,560490,1.4152481147834766,1.490571835231697,0.9400488979626458,0.33409429300905336,2.9518479664103947,62.61213803373603,30.238466453819576,60.052024485225466,23.975522235094385,106.37963473535147,3.242626987100573,1.5253776086175739,3.0,1.0,5.0,560460,1.415323869419746,1.4905757633163346,0.9400941314304592,0.3341605835094752,2.951885201390655,62.61548950242428,30.235805649164497,60.05478775949256,23.981933854460884,106.38063941105489,2.5657049566427577,1.696101677880383,2.0,1.0,4.0,18.295812368411664,8.35912861330234,18.0,8.0,30.0,3.2428005566855798,1.5252339308377352,3.0,1.0,5.0,0.09440638047318274,0.292393255392691,0.0,0.0,0.0,7.0
cam037_w1,37,1,CAM037_2025-05-08-121357,2025-05-08-121357,SI206_2025-05-08,115560,90720,79920,172800,651236,0.09778180275427553,0.15475262117850597,0.02922077922077922,0.0,0.28625565995864743,0.14455865262432424,0.06358323737032269,0.08520351826817972,-0.0001063886619689141,564810,1.4183650993863992,1.936167762974807,0.7600686414703761,0.15837940765354555,3.437386295108668,60.77638035299293,64.02579589979909,25.990052535434,2.617927616804056,167.41308695477392,3.229457693737717,1.528864691900067,3.0,1.0,5.0,564810,1.4182089709990942,1.3342530627198876,1.022905306056853,0.3486609162712831,2.9291396193830406,60.775052278394554,29.94190823169836,58.075541900849544,22.70003906166937,104.03660489383759,3.229298348117066,1.528975448769313,3.0,1.0,5.0,564331,1.4194127363373592,1.3341790144867838,1.0238313342721301,0.34970863356928567,2.9301457363223253,60.8266376955369,29.902191539184702,58.109506905750855,22.803208337296883,104.05310791987698,2.5703248625363484,1.5249788057267375,2.0,1.0,4.0,17.80179185619787,8.265697716099089,17.0,7.0,30.0,3.2296347356427346,1.5289857944410514,3.0,1.0,5.0,0.09930165098142757,0.29906660310671657,0.0,0.0,0.0,3.0
cam037_w2,37,2,CAM037_2025-05-08-121357,2025-05-08-121357,SI206_2025-05-08,115560,81000,87480,172800,646916,0.0998673683028109,0.15733542237979126,0.030583873957367932,0.0,0.29193037605209343,0.1492484720099178,0.048641074385876934,0.10171255851263797,-3.012209726774143e-05,560490,1.4740692598943892,2.1232905612727437,0.71592254582267,0.14505511085579834,3.6509887890367034,60.89079733393759,63.64520938000518,26.729941344726203,2.796131228377296,167.08455427625074,3.2447144462880693,1.5255880197321878,3.0,1.0,5.0,560490,1.4739641882419092,1.5969761162449323,0.9593219087139067,0.3260955131736704,3.1618553353522,60.88713976198008,28.79643040861493,58.80557171814436,24.002264272857087,101.21901801779207,3.2445538725044156,1.5257014755804317,3.0,1.0,5.0,560401,1.4741982756413852,1.5969948826844669,0.9594836881255634,0.3262980514191697,3.1621318506293155,60.896809543866304,28.78849145316163,58.81089191169489,24.024280372624364,101.22282357711293,2.6278646897489475,1.8113759211625857,2.0,1.0,5.0,17.820524945530074,7.958534290810117,17.0,8.0,29.0,3.244542747068617,1.5255316092929878,3.0,1.0,5.0,0.10043700849927106,0.30058179556152165,0.0,0.0,1.0,11.0
cam037_w3,37,3,CAM037_2025-05-08-121357,2025-05-08-121357,SI206_2025-05-08,116640,86400,85320,172800,647996,0.1044327241434912,0.17324060418403442,0.03796653796653797,0.0,0.2952529233684249,0.17678420678420678,0.034104310878920935,0.10240965476734588,-0.00016874722580203415,572370,1.4430114149793543,1.9888144187153538,0.7261945483022734,0.14886569383251694,3.573379742431297,60.620381035616504,63.59693871502125,26.418678907480924,2.7529240877620085,166.95213675296506,3.239635201006342,1.5200390728555115,3.0,1.0,5.0,572370,1.4429198371058194,1.4561458745625073,0.9834393633157534,0.3239201608964016,3.089246008480056,60.618321639303204,30.21958375060266,57.98546788818847,22.04580069969765,104.41904007419468,3.2394779600607997,1.520150054256645,3.0,1.0,5.0,571744,1.4444996837120423,1.4561594328365501,0.9847151892142862,0.3253484711647976,3.0909331323836904,60.6846923740135,30.169445446789304,58.03315573423433,22.17976271598872,104.43979822955005,2.591866289808026,1.6610896536434898,2.0,1.0,4.0,17.763387110315104,8.340237350324626,17.0,7.0,30.0,3.2409295069121846,1.5202718946419467,3.0,1.0,5.0,0.10822500979459339,0.31066438007849173,0.0,0.0,1.0,7.0
cam228_w1,228,1,CAM228_2025-05-08-141050,2025-05-08-141050,SI206_2025-05-08,133920,83160,85320,172800,631796,0.061352111447289276,0.12473761581607859,0.0036319612590799033,0.0,0.18965899919289764,0.08563667761256945,0.04736350170307369,0.05105615502622469,-6.360263590330239e-05,577770,1.5570482548831803,1.8784382027049584,0.9568893619233192,0.08295193401738518,3.627687209922809,76.84864177503344,63.684382233986895,63.72475949953297,0.39461405429979274,167.82122842694693,3.1682330339062257,1.5545354798743127,3.0,1.0,5.0,577770,1.5569823606847333,1.3324980983119428,1.202582740777741,0.5353377656278686,3.0620412124646212,76.84408258223739,38.29731190723396,80.97382764394172,16.06488569473896,123.531517301585,3.1680772625785347,1.5546358302087804,3.0,1.0,5.0,537806,1.6726806665095186,1.3091848111574187,1.271402576162854,0.6866373963290764,3.1532429785088993,82.55431436900905,33.230530125025055,84.86343375822659,36.53264609860642,124.33324490144665,2.8682182794539295,1.4690258596707317,2.0,2.0,5.0,23.803196691743864,9.186263292715587,24.0,11.0,35.0,3.229129091159266,1.5684466271178916,4.0,1.0,5.0,0.06343923273448046,0.2437513004776403,0.0,0.0,0.0,11.0
cam228_w2,228,2,CAM228_2025-05-08-141050,2025-05-08-141050,SI206_2025-05-08,119880,78840,76680,172800,615596,0.04284850964857569,0.09414146051325152,0.0,0.0,0.12158054711246205,0.06383103082153384,0.025370593462451515,0.03934390466174174,-0.00010076263310937384,550770,1.4154453505764906,1.4890802746420957,0.9606605306716611,0.31678261733989205,3.016300161433678,85.04484185133062,61.111484998543546,81.10775714489952,7.2399111820841915,168.38553463108508,3.235306933928863,1.5490504787688912,4.0,1.0,5.0,550770,1.415401927393593,0.9845270210026664,1.138318494811604,0.6931759254425194,2.433903436672159,85.04109885067177,31.270816014431325,87.7243387688701,42.16448533418826,123.92619529364178,3.235143526335857,1.5491631957091596,3.0,1.0,5.0,547375,1.4241807162376228,0.9812251273263044,1.1423134617614086,0.7003292483035675,2.439465275975514,85.56855174968624,30.639771338133052,87.99442259232436,43.25171484404455,123.99638936791249,2.5888851335921443,1.10765088417372,2.0,2.0,4.0,24.63666225165563,8.470222754384876,25.0,13.0,35.0,3.2490614295501254,1.5437979434121076,4.0,1.0,5.0,0.04259968029230418,0.2019528349177046,0.0,0.0,0.0,10.0
cam228_w3,228,3,CAM228_2025-05-08-141050,2025-05-08-141050,SI206_2025-05-08,146880,82080,81000,172800,620996,0.047006220480645726,0.09848421783834356,0.0,0.0,0.1612137803676901,0.05781217247860874,0.01846032143710236,0.06474616752622607,2.7551688621793825e-05,588570,1.4624126357677245,1.8008502017983914,0.9487658289600972,0.23789695298902605,3.195289981710136,82.36814486240172,62.681011593093764,75.68863453786602,3.7971276032638825,168.73644293515372,3.1284469137061013,1.5732989462472595,3.0,1.0,5.0,588570,1.4623639047064927,1.2356694350836084,1.1294115890091545,0.6404974249942692,2.6539528210708934,82.36217468384523,35.59662193037125,85.98385894039035,31.83440999154217,126.10393691982783,3.128294000713594,1.5733924139488442,3.0,1.0,5.0,571106,1.5070819136781965,1.2272636561850743,1.1516114676557496,0.6773787701129957,2.6884426896659095,84.88074920184832,33.046763529790866,87.44417417289294,39.19894118620067,126.48735104478286,2.681822638879648,1.3763585771660065,2.0,2.0,4.0,24.445670330901795,9.135578543160515,25.0,12.0,36.0,3.193326632884263,1.5519591016058183,3.0,1.0,5.0,0.0503199055867037,0.2186042375811799,0.0,0.0,0.0,7.0
cam228_w6,228,6,CAM228_2025-05-08-141050,2025-05-08-141050,SI206_2025-05-08,149040,84240,82080,172800,620996,0.038961286992832446,0.08764502138639432,0.00303951367781155,0.0,0.11879334732994748,0.06263550616395305,0.02619428111063436,0.028054073703909926,-8.165046171328008e-05,588570,1.4610399768925817,1.6078416316975914,0.983830896597507,0.2710639886802544,3.1983042719443375,82.98332033558046,62.291370295849816,76.36633121170826,5.03117792286626,168.94553176152803,3.1082623986951425,1.5777269144191486,3.0,1.0,5.0,588570,1.460976890580394,1.0206185251965667,1.1771330217142406,0.6800492522911586,2.6239387885768957,82.97776931152681,34.467807389297874,85.84255836659037,37.07151289674087,125.5979671078664,3.1081094857026352,1.577818163649543,3.0,1.0,5.0,569058,1.5110712238276287,1.0008410643706718,1.2065113121080266,0.7183031281978984,2.6557218604454715,85.82293137726795,31.378098289237975,87.48812978451659,43.38554616931399,125.99960803354746,2.6889051731106495,1.1265356360947176,2.0,2.0,4.0,24.7065272784145,8.673996486135126,25.0,13.0,36.0,3.180445578482334,1.5546646976266194,3.0,1.0,5.0,0.038623479504725354,0.19269589081159316,0.0,0.0,0.0,14.0
cam229_w1,229,1,CAM229_2025-05-08-141115,2025-05-08-141115,SI206_2025-05-08,126360,83160,83160,172800,644756,0.09549098201663113,0.15490183357644854,0.012327773749093546,0.0,0.3192582497718199,0.09947616556762737,0.08067114505095777,0.10632563543130827,0.0001247085511840786,569130,1.568068056938177,2.0656103472806255,0.8579344957603013,0.24526471488458265,3.6582885977778066,70.36838475923233,62.68420768187274,46.00575400210698,4.481604287617493,167.5108472048709,3.199251489114965,1.54630578710025,3.0,1.0,5.0,569130,1.5680014861813016,1.473896037115066,1.0686389944253736,0.4755253607820825,3.2307599983983026,70.36380548536349,33.65246212283621,69.10335863677307,25.233660912875493,116.88678984899917,3.1990933530124925,1.5464113747936823,3.0,1.0,5.0,568822,1.5688505118127707,1.473843209663381,1.0693160004432456,0.4761270886368174,3.2315222890384923,70.40190536913997,33.621705947347245,69.1291848230275,25.322565804235474,116.897519570271,2.7840589850603528,1.637592685149924,2.0,2.0,5.0,20.447178554978535,9.293751228107306,20.0,8.0,33.0,3.198758135233869,1.5464594725946912,3.0,1.0,5.0,0.09789881544665995,0.29717778749563495,0.0,0.0,0.0,9.0
cam231_w1,231,1,CAM231_2025-05-08-115315,2025-05-08-115315,SI206_2025-05-08,113400,83160,79920,172800,555106,0.0371880805447195,0.09949553448244115,0.0,0.0,0.11656992601088173,0.05544045750713033,0.025943049271020212,0.03018073485600795,-0.00015531567049402724,544290,1.9314068278971543,10.336686844970359,1.0493764912398542,0.3065121778744224,2.9446172971075115,87.04326584357176,61.41332726420918,84.27478864507158,6.687225822312877,169.79397657157176,3.2400925976960813,1.5404333258238787,3.0,1.0,5.0,544290,1.929646086757423,5.131832499696935,1.1789083163797724,0.7542614303336007,2.615485969227126,87.03888515957703,34.24946714771542,90.65070210814028,42.76983884178382,128.26386902929005,3.239927244667365,1.5405485362119533,3.0,1.0,5.0,520650,1.753307643348161,2.7045491985156604,1.2042975367628885,0.801138029040529,2.6241501876750384,90.52099678877951,29.85692316618039,92.34282993722408,50.13037954283456,128.59184797418217,2.9266032843560934,3.0174438332583877,2.0,2.0,4.0,26.004588495150294,8.255160861956899,27.0,15.0,37.0,3.175042735042735,1.5260013504506322,3.0,1.0,5.0,0.037476231633535,0.18992567940140334,0.0,0.0,0.0,7.0
cam231_w5,231,5,CAM231_2025-05-08-115315,2025-05-08-115315,SI206_2025-05-08,117720,77760,78840,172800,584266,0.05652247989996676,0.11993224801727159,0.0,0.0,0.19817896047186692,0.08157598168865775,0.03991077341770751,0.04808068459353504,-2.5644688054318294e-05,551850,1.7224525490757212,1.951915928754295,1.1804146915374574,0.4040696206339162,3.6152008607584194,86.17370937725991,61.20621056130461,80.8814136161046,8.775376077482465,169.90021849996637,3.2485458004892633,1.5409892686439233,4.0,1.0,5.0,551850,1.722396111308389,1.298309370985479,1.3035131232071016,0.8311918979858007,3.032649497038368,86.16885421121265,31.715104574334532,88.15957065370355,42.950370692593765,126.37621789453713,3.2483827126936666,1.5411037544708588,4.0,1.0,5.0,551204,1.7244147249031831,1.2977294762543732,1.304584660474339,0.832478955758383,3.0339369491233157,86.26984237497862,31.59611461315005,88.21013340962003,43.158133014785804,126.39145503499311,2.8937888694566802,1.4733575468608846,2.0,2.0,4.0,24.831443530888745,8.735389560129178,25.0,13.0,36.0,3.2506077604661794,1.5402100570956305,4.0,1.0,5.0,0.054139665169338394,0.22629308832726272,0.0,0.0,0.0,8.0
cam236_w1,236,1,CAM236_2025-05-08-115327,2025-05-08-115327,SI206_2025-05-08,130680,87480,87480,172800,639346,0.08518714511217296,0.13936865206324892,0.02245614035087719,0.0,0.27107286282355153,0.11948048121970961,0.03315234117582178,0.10292861294098746,2.1933823314346493e-05,585330,1.2905372384617766,2.3117643681396394,0.6659711122966625,0.14120669535850533,3.07816470452008,60.953540060201334,63.77208830781528,26.77493586915731,2.656060855126306,167.10030319129658,3.1771308492645174,1.5409573404662058,3.0,1.0,5.0,585330,1.2905118869295027,1.4072570953718273,0.9007446252276374,0.31258503302090396,2.566289547843719,60.94798403476649,30.447679315403942,57.73000014483894,22.734385799988956,105.70262287197265,3.176977089846753,1.5410581553800946,3.0,1.0,5.0,584457,1.2876472392886655,1.3272331787141745,0.9021219431659048,0.31411557495526654,2.567033279252005,61.03232573313962,30.384195295067652,57.77799459041952,22.89577475794856,105.73879361477718,2.4200052356289685,1.52027506287449,2.0,1.0,4.0,17.858063125259857,8.398543858553333,17.0,7.0,30.0,3.1747091744987226,1.5405899701702388,3.0,1.0,5.0,0.0918425136494216,0.2888035081780992,0.0,0.0,0.0,13.0
cam236_w2,236,2,CAM236_2025-05-08-115327,2025-05-08-115327,SI206_2025-05-08,122040,91800,83160,172800,624226,0.08670896754285638,0.13062802880621543,0.02912621359223301,0.0,0.25256135360762183,0.10952625253898148,0.039787853857506966,0.11081279623208067,1.6805004456364235e-05,570210,1.2343008295234466,1.7006273761128499,0.6288687324667157,0.11186251272023155,3.0322360525307346,58.85175571036965,63.453601379714804,24.472297959470133,1.786856474628846,166.36348972316608,3.1931919819014047,1.538831118841281,3.0,1.0,5.0,570210,1.2342260639186677,1.228246183059185,0.8690826937395146,0.2798239833599639,2.6048361779191156,58.84814060899708,31.754631663387872,56.81478200155503,16.414263053688988,104.19329224420248,3.193034145314884,1.5389363969655747,3.0,1.0,5.0,549234,1.2813628506375492,1.2271122322282668,0.9040919543441138,0.3231800674559414,2.65207002467788,61.095631837534135,30.158833840988834,58.32115781221223,22.891478918282058,104.99220218691381,2.412223205409716,1.4117284062685778,2.0,1.0,4.0,17.87598728410841,8.336818031274207,17.0,7.0,30.0,3.1262631228219666,1.5265796743720506,3.0,1.0,5.0,0.09470644570438101,0.29280904160634125,0.0,0.0,0.0,14.0
cam236_w3,236,3,CAM236_2025-05-08-115327,2025-05-08-115327,SI206_2025-05-08,122040,87480,86400,172800,578866,0.07905792673529734,0.14624273881552516,0.013900955690703735,0.0,0.2385751520417029,0.08384441813833257,0.07329930800698167,0.08003005406057775,-5.363474259023247e-05,568050,1.2229945288521997,1.6480230260973587,0.633856974627589,0.13408685270679238,3.023094289439869,63.91740656354313,64.4882496771671,30.486577275334128,2.7796473633181966,168.04981450177846,3.199630314232902,1.5378920928884687,3.0,1.0,5.0,568050,1.2229174597514567,1.1138712630234922,0.9033234283569793,0.311887650412179,2.484038903644702,63.91403289120026,30.72534553039956,61.54357292086528,24.562960020323345,108.28093328934905,3.1994718774755744,1.5379984990526432,3.0,1.0,5.0,563202,1.2334442402758077,1.1128364319045165,0.9114938484874326,0.32179656841581206,2.4936246070034724,64.46420002742589,30.277170561808763,61.89469004017582,25.74307596325375,108.43754156444558,2.359695100514558,1.2900297015342523,2.0,1.0,4.0,18.80690942148643,8.37048708788015,18.0,8.0,31.0,3.218458031043924,1.5308528651703373,3.0,1.0,5.0,0.07772877226998484,0.2677443000913104,0.0,0.0,0.0,7.0
cam236_w6,236,6,CAM236_2025-05-08-115327,2025-05-08-115327,SI206_2025-05-08,113400,82080,82080,172800,569146,0.07029700378197443,0.11805947425070296,0.022851919561243144,0.0,0.18532423826085917,0.09069321677660527,0.03209057484171856,0.08810721972759945,4.495944371021372e-05,558330,1.2193353999119543,1.561516067365529,0.6364008500331189,0.14235738165928571,3.008962855630668,65.00438879394176,64.59190598887545,32.26261447537192,3.0279531300255726,168.39584330622415,3.259201547471925,1.5243199201291544,4.0,1.0,5.0,558330,1.2192917217245,1.093198989057256,0.8778746324745041,0.32202191273303993,2.4875101409908824,65.00075612273145,30.41342142190118,62.7058385862185,25.800592246196278,108.75622181562814,3.2590403524797162,1.524435441473968,4.0,1.0,5.0,558189,1.2195997179995308,1.093165256882232,0.8781518958141751,0.32232556631493786,2.487932812544207,65.01717548358113,30.399709102659024,62.7183728093608,25.83367905098935,108.75947995959609,2.349487360016052,1.2672017188923475,2.0,1.0,4.0,18.95935606040248,8.40400083554508,18.0,8.0,31.0,3.2594658798363993,1.524337294144362,4.0,1.0,5.0,0.07066065436617347,0.2562571487602203,0.0,0.0,0.0,8.0
cam241_w1,241,1,CAM241_2025-05-08-115304,2025-05-08-115304,SI206_2025-05-08,154440,89640,82080,172800,667426,0.036483023151523755,0.08568168549615783,0.0,0.0,0.11329512314209189,0.06013546395049882,0.014458594139671994,0.03485501136440043,-3.3576031328159574e-05,602610,1.5049783167598825,1.540323411400224,1.0260112267833899,0.3533972136473658,3.2355639499407416,87.78371704695029,61.920298686241686,83.90086211745876,8.798862568421056,170.7551063926779,3.0842335839099917,1.5766295631538745,3.0,1.0,5.0,602610,1.5049107324360025,1.0474909206763705,1.1330619246749132,0.7173534624604774,2.7845869057560746,87.77784710227482,32.390532645397776,88.90939997997313,44.694618771544725,129.8561589987073,3.08408423358391,1.5767164725916463,3.0,1.0,5.0,601879,1.5067384914131563,1.0468122570171934,1.1340493035684829,0.7184206368576291,2.7859108145789464,87.88445591605925,32.26533073293903,88.97278546434846,44.86907396556681,129.87144488582064,2.6915692356769383,1.1680851702831816,2.0,2.0,4.0,25.276327966252353,8.918390821718127,26.0,13.0,37.0,3.085500574035645,1.5770888733453055,3.0,1.0,5.0,0.035935794403858586,0.18613009720198984,0.0,0.0,0.0,13.0
cam241_w2,241,2,CAM241_2025-05-08-115304,2025-05-08-115304,SI206_2025-05-08,151200,90720,82080,172800,609106,0.056323083505318484,0.12430486284170585,0.0007390983000739098,0.0,0.18647553049346652,0.07825225529342116,0.04037818139346913,0.050338813829065146,-5.7616246203223904e-05,598290,1.52764903151352,1.630716641513413,1.0329685034790899,0.34798136530857143,3.3379199438534446,86.92631945622983,62.00041415274257,82.29675272166715,8.351819408066845,170.7065586830969,3.090257233114376,1.5745611104965624,3.0,1.0,5.0,598290,1.5275891811708178,1.1050600968946616,1.1538464854088075,0.7168952853062656,2.7999485349784208,86.91999797202958,33.73264085277855,88.59797114361615,41.5836382193668,130.32541145861705,3.090106804392519,1.5746493378388178,3.0,1.0,5.0,594978,1.5360926474637515,1.1022220255008393,1.1586493649301581,0.7218348418378249,2.80617701323915,87.40384617025437,33.1954069279301,88.87050394162992,42.61914218992901,130.40573366212365,2.7224821758115425,1.2310174983316677,2.0,2.0,4.0,25.143255717018107,9.175585430209779,26.0,13.0,37.0,3.094028686774973,1.57753947066473,3.0,1.0,5.0,0.05307255058170218,0.22417817680687574,0.0,0.0,0.0,9.0
cam241_w3,241,3,CAM241_2025-05-08-115304,2025-05-08-115304,SI206_2025-05-08,141480,88560,79920,172800,597226,0.03921252552362402,0.08755742361967754,0.0004393673110720562,0.0,0.115026599539349,0.059618788798009116,0.008175047389983897,0.049843740382879045,-1.0601496158222411e-05,586410,1.653030216946345,8.739066670664055,1.0345331558693527,0.352824807353264,3.1144637394817574,87.097650386717,61.16987761190831,83.21253628035299,8.624112308453794,169.97792837985824,3.1326034685629507,1.5664914042087854,3.0,1.0,5.0,586410,1.6529860357322492,2.392035620002713,1.1578628984769703,0.743676799408745,2.700620743651504,87.09125191714175,31.961563784261045,88.924122509,44.48732367821124,127.76048171537767,3.132449992326188,1.566586031022768,3.0,1.0,5.0,581927,1.6604392759837465,2.34150719043819,1.1635956667471508,0.7499916705821171,2.708714005078189,87.75291844366797,31.164653528000674,89.26025244965724,45.681278613269946,127.85698063081537,2.8484586554670948,2.605519436373719,2.0,2.0,4.0,25.239373667143816,8.61422988489752,26.0,14.0,36.0,3.1308256877580867,1.5667443326009016,3.0,1.0,5.0,0.04018373438592813,0.19638992305291356,0.0,0.0,0.0,7.0
cam241_w4,241,4,CAM241_2025-05-08-115304,2025-05-08-115304,SI206_2025-05-08,193320,85320,79920,172800,651226,0.0346745199605635,0.06720224857501426,0.004342162396873643,0.0,0.11402518454190189,0.037702985763823034,0.0191242743330643,0.04719629978480315,2.4351558753345358e-05,640410,1.6607149478980658,10.15943761969557,1.015069854128166,0.2751882497435418,3.220649780386323,83.72012506238266,62.84202024041772,76.80689711479211,5.050890373021552,169.96937347464777,2.9730172858012835,1.6091981873689118,3.0,1.0,5.0,640410,1.6606670612974037,2.726109586929079,1.1688090713679178,0.6984646411655144,2.791704595125431,83.71480814810192,36.017399338675105,85.80656992044456,36.949316071689715,129.06169035599513,2.9728767508314986,1.6092686001414143,3.0,1.0,5.0,611979,1.678189610058266,2.207897081291534,1.207348792815734,0.742292007706228,2.830823401192172,87.47655538421564,32.01545125757848,87.91531381127669,45.217805308106534,129.6555288313448,2.8728665526104655,2.4563404491717455,2.0,2.0,4.0,25.163038274189148,8.848996942237237,25.0,13.0,37.0,3.064580647375155,1.5876342904910279,3.0,1.0,5.0,0.03968273421146804,0.1952127424554299,0.0,0.0,0.0,1.0
cam241_w6,241,6,CAM241_2025-05-08-115304,2025-05-08-115304,SI206_2025-05-08,142560,95040,75600,172800,604786,0.08707832417939182,0.14625534067426488,0.014763352149370386,0.0,0.3095583783445229,0.15391309860396368,0.038312740909245385,0.06900913302496639,-0.0003255733101825558,593970,2.340484673459026,13.543755164516334,1.1696570295591902,0.3864829948393374,3.9408711258620865,81.36233651471272,62.3230511785469,68.72584591050287,7.301463684568707,169.98891788926252,3.123642608212536,1.565308455187538,3.0,1.0,5.0,593970,2.3404073196358,5.299744216455782,1.4019529226111063,0.7687706425071198,3.540785959341703,81.3575497494861,33.704479497952505,80.90387789252611,36.54100666615,126.80236995960391,3.1234910854083537,1.565401080962586,3.0,1.0,5.0,591217,2.105527684178333,3.1461646499878397,1.3993819070751505,0.7696820705816313,3.4983997541633687,81.33213523810208,33.56806786984962,80.81196857665242,36.71876338300514,126.67125500914598,3.343459338956762,3.5031442154224597,3.0,2.0,5.0,23.46542640012043,9.278374361873228,23.0,11.0,36.0,3.1333824974586317,1.562268782021713,3.0,1.0,5.0,0.09234849471513844,0.2895172710547447,0.0,0.0,0.0,8.0
cam245_w1,245,1,CAM245_2025-05-08-141101,2025-05-08-141101,SI206_2025-05-08,99360,100440,95040,78709,735345,0.018683167388675884,0.0496996995043595,0.0,0.0,0.05703887680059735,0.012502169458566748,0.011191055122580191,0.032356277584880716,8.716958237057333e-05,476119,0.778383192404082,1.0645057460494156,0.4536958336082398,0.12607134530473862,1.7987680837053068,79.45378481471373,64.49319446257427,64.35341801960742,5.012544280930123,170.25710049008543,2.9177894601979757,1.3840403058795814,3.0,1.0,5.0,476119,0.7782205958594552,0.6593911101098016,0.6071044280854722,0.2848413063404633,1.4047117177161568,79.44879034382677,30.663579845329707,79.1351923346878,39.23770074532959,120.23739365302457,2.917600431824817,1.3841428754311922,3.0,1.0,5.0,475383,0.7794254566949339,0.6591894265295896,0.6078749894656037,0.28609413890491814,1.4054652974410862,79.57179497313206,30.527416474217013,79.2054656250957,39.45575346457584,120.25202465921787,1.8387047917153116,0.8340200131145955,2.0,1.0,3.0,22.979593296352625,8.440841206153936,23.0,12.0,34.0,2.9204157489855547,1.3832024737675468,3.0,1.0,5.0,0.01790135532823008,0.13259297419411983,0.0,0.0,0.0,7.0
cam245_w4,245,4,CAM245_2025-05-08-141101,2025-05-08-141101,SI206_2025-05-08,114480,82080,84240,172800,623156,0.08464759359391906,0.15991865159798885,0.01157613535173642,0.0,0.30012993900606033,0.1348453019357571,0.039098405543917414,0.07999907330208272,-0.00010948896895626644,547530,1.3918519406525294,1.8959781027940592,0.7212711484701867,0.15861211736246242,3.39218080987867,63.36494274603363,63.75708444565426,30.81939975594547,2.924714406392147,167.1379987225293,3.2347268642814093,1.537870170496118,3.0,1.0,5.0,547530,1.3917954215708077,1.3480060667965215,1.001889485057807,0.33993093347330605,2.805052078969962,63.36010172017018,30.44802100849044,60.579854759646224,25.114333100547405,107.52058240335973,3.2345624897265903,1.5379843166046174,3.0,1.0,5.0,545301,1.3974845950633947,1.3478121445711633,1.006628941787162,0.34492724171629996,2.8100708675843706,63.619095682650084,30.238958463329254,60.73320651264952,25.723242788944386,107.60674374011967,2.5462542705771676,1.5401611976931546,2.0,1.0,4.0,18.572661704269752,8.360441060117083,18.0,8.0,31.0,3.2397831656277907,1.5387250303512645,3.0,1.0,5.0,0.0865723701221894,0.28120738762275793,0.0,0.0,0.0,2.0
cam245_w6,245,6,CAM245_2025-05-08-141101,2025-05-08-141101,SI206_2025-05-08,123120,84240,81000,172800,627476,0.07893050745320614,0.13895393690767016,0.020535714285714286,0.0,0.22020389249304914,0.11787044049795423,0.047489633630156694,0.07143144823150754,-6.00797865761602e-05,562650,1.2345119169708048,1.582350845620116,0.6637497433465694,0.1577902590859881,2.9672376279580535,64.97718605869522,63.304893205914176,34.3511358794584,3.3224280750586956,166.5660860894452,3.207304718741669,1.5462306013126714,3.0,1.0,5.0,562650,1.2344709169578347,1.0918870572960897,0.9025382807296575,0.346118305945431,2.4790742504973613,64.97281039788699,30.788031987124697,62.762627560791536,25.124699845856725,109.19765977026799,3.207144761396961,1.5463382431565917,3.0,1.0,5.0,562406,1.2350064925095492,1.0918210249098688,0.9029501829343645,0.3466188926049153,2.479559277403418,65.00099886980422,30.764945680961453,62.781886580527384,25.176470465872214,109.20820222919352,2.368954100774174,1.2639644588249082,2.0,1.0,4.0,18.95526007901765,8.50478238258457,18.0,8.0,31.0,3.207775165983293,1.5463168591561083,3.0,1.0,5.0,0.07539748864699168,0.2640316408173809,0.0,0.0,0.0,5.0
cam302_w1,302,1,CAM302_2025-05-08-122159,2025-05-08-122159,SI206_2025-05-08,143640,89640,86400,172800,707396,0.09750584283426965,0.1471020631333773,0.02736842105263158,0.0,0.3126735379482141,0.1097674304726678,0.06200748770493607,0.12074261032520509,0.0001850225431668969,599370,1.3480669467769613,1.8679571283750163,0.668370613158582,0.13697067858437498,3.3398388967592116,61.188574597192485,63.514095362655645,27.379797112572057,2.789251447916893,166.5469747533041,3.126132439061014,1.5568404711284585,3.0,1.0,5.0,599370,1.347998044147609,1.3585924802850633,0.8903351430901218,0.2808673857153327,2.9842538066894813,61.18451348312502,31.514503952659528,57.2861171893974,21.94155369826401,108.5075141226799,3.125982281395465,1.5569330018588703,3.0,1.0,5.0,599335,1.3480767646153693,1.3585930942864624,0.8903953987323842,0.28092518743851685,2.9843428336062487,61.188086539882775,31.51195534590705,57.28769401242874,21.947148732791337,108.50864362338118,2.4724052491511426,1.5651317213049165,2.0,1.0,4.0,17.901771129668717,8.71002267114113,17.0,7.0,31.0,3.1261231197911017,1.5568119612373201,3.0,1.0,5.0,0.10355644172290956,0.3046842711736187,0.0,0.0,1.0,14.0
cam302_w2,302,2,CAM302_2025-05-08-122159,2025-05-08-122159,SI206_2025-05-08,130680,88560,86400,172800,638276,0.08206561388665817,0.13857415961893632,0.019844082211197732,0.0,0.22554579904061864,0.08929360758138903,0.06228855313827812,0.09461468094030742,3.9759708370913925e-05,584250,1.2168875730798399,1.7124150489071883,0.5938323426024192,0.13463050967320078,2.9787795636208614,65.36842682920718,63.91926984632482,33.95439395492953,3.286822476301377,167.56451869442353,3.1737612323491655,1.5427829744576103,3.0,1.0,5.0,584250,1.2167508269447567,1.265908269814345,0.8238020863191798,0.28342307910551134,2.5336136967882634,65.36514570476886,31.148881311144862,63.11402181310716,24.77674235676608,110.57965707521919,3.173607188703466,1.5428835197719077,3.0,1.0,5.0,584220,1.2168133077307761,1.2659107435194685,0.8238550972165053,0.28346501971241334,2.5336584429595543,65.36850223890177,31.146158965619726,63.11605698684535,24.784182831081743,110.58079525307829,2.3252285098079493,1.4651672958669935,2.0,1.0,4.0,19.057040156105575,8.609663196417898,18.0,8.0,32.0,3.173770155078566,1.5427555143766207,3.0,1.0,5.0,0.08640580603197426,0.28096235106494094,0.0,0.0,0.0,8.0
cam302_w3,302,3,CAM302_2025-05-08-122159,2025-05-08-122159,SI206_2025-05-08,122040,81000,81000,172800,642596,0.12141479919629845,0.17631025554769303,0.04003021148036254,0.0,0.37012592270950956,0.12281176935958425,0.11187578853643718,0.12955683969287402,0.00011423619930241677,556170,1.5398581390270862,2.1769679620595754,0.7676286979290545,0.15796462221231083,3.806573134846583,60.10869071720384,63.438014444684384,25.789931710168293,2.6744279003739355,166.63468639778168,3.2155456065591457,1.5486201182958808,3.0,1.0,5.0,556170,1.5397771063282288,1.581478358622261,0.9932634660332896,0.341647448745789,3.416906360579167,60.10537410499162,31.332160986705105,56.930465365502855,20.220391285295683,105.96508211687426,3.2153837855332004,1.5487297071913462,3.0,1.0,5.0,556070,1.540054009794758,1.5814857347719202,0.9934785499413726,0.34186974633552497,3.4172692288260382,60.116183063235184,31.32460793180653,56.93722701124443,20.248802708581294,105.9681281530908,2.7054327692556694,1.793976032610852,2.0,1.0,5.0,17.605125254014784,8.65946452211377,17.0,7.0,30.0,3.2155591921880338,1.5486010804241734,3.0,1.0,5.0,0.12639056233927384,0.3322890128951542,0.0,0.0,1.0,7.0
cam302_w4,302,4,CAM302_2025-05-08-122159,2025-05-08-122159,SI206_2025-05-08,117720,88560,85320,172800,619916,0.11201311596263988,0.1738808534273986,0.03547671840354767,0.0,0.3414822342604016,0.19955680348454954,0.02899787272242873,0.1074846716809414,-0.0001951130814618296,565890,1.4588182351900134,2.13999373366777,0.7197748647452717,0.13882387241197733,3.5313584725344183,58.95015335492437,62.94985202322577,24.832895150318805,2.568002584036828,166.06945186344834,3.217568785453003,1.5303585983913373,3.0,1.0,5.0,565890,1.4588054246511262,1.6041605257797724,0.9741568782547836,0.3199466759191523,3.0532740747753064,58.94484773389529,30.146157757935896,56.46770742623734,20.40603555385083,102.1961274830283,3.2174097439431693,1.5304678005418526,3.0,1.0,5.0,561258,1.4708447839600074,1.6052602215176863,0.9826004144694147,0.3315781261173104,3.0691954902060816,59.4313130220576,29.78891919182123,56.78575990201216,21.58259208634763,102.3626320433987,2.6246539024833497,1.8210248515509357,2.0,1.0,4.0,17.415976253345164,8.234307242080584,17.0,7.0,29.0,3.2243460226847547,1.532021660679866,3.0,1.0,5.0,0.11894886130799026,0.32372832699892473,0.0,0.0,1.0,13.0
cam302_w5,302,5,CAM302_2025-05-08-122159,2025-05-08-122159,SI206_2025-05-08,127440,85320,85320,172800,650156,0.0711271797620464,0.138632261373276,0.014951627088830254,0.0,0.21179624664879365,0.1328346927626572,0.02630049950113084,0.05424634702235113,-0.000208485040843924,574530,1.2010203761043377,1.5378249545776816,0.6408579805672672,0.13992689224311974,2.931844680687514,62.66902607465905,63.79917125288862,29.65668601889,2.892392449533853,167.35470382635344,3.1898595373609733,1.543744854626862,3.0,1.0,5.0,574530,1.2009312424142708,1.071473867073533,0.8893765854903214,0.3115819378509157,2.418856676788767,62.66527489175067,28.916346547155847,59.80444829665282,26.936923931273224,104.70793438021863,3.1897028875776723,1.543848670540832,3.0,1.0,5.0,573169,1.2037828750408182,1.0711440525484066,0.8916428070284051,0.31437394245106065,2.421754809698329,62.81407470319838,28.788779764629748,59.88914611153928,27.2618220256254,104.75946082646485,2.325183322894295,1.2450136120769622,2.0,1.0,4.0,18.350073015114216,7.959793263960114,18.0,9.0,30.0,3.1926325394429913,1.544441778277887,3.0,1.0,5.0,0.0710034911169306,0.2568306745039201,0.0,0.0,0.0,7.0
cam304_w2,304,2,CAM304_2025-05-08-114024,2025-05-08-114024,SI206_2025-05-08,123120,87480,87480,172800,650156,0.09866401666476592,0.1685423093279405,0.024750325662179766,0.0,0.30682278093530047,0.1367280713032153,0.08972109465321071,0.0695428840378717,-0.00014416162716130858,574530,1.369364067347307,1.8092883192048688,0.7204358727220359,0.1812176912998694,3.3093724202036325,63.93431612917017,61.35257155924929,35.66107271823365,3.7032908286710735,163.73171393809892,3.201138321758655,1.5337604219823104,3.0,1.0,5.0,574530,1.369325215400366,1.3102827235492194,0.9570301277421069,0.3718486686461597,2.829050342423205,63.93011226268805,29.085338249371457,62.8598117061872,25.067276490264586,104.28266486672698,3.2009816719753537,1.533866065542035,3.0,1.0,5.0,574377,1.369689970183298,1.3102665908556026,0.957272682109257,0.372104163065587,2.829399148278918,63.947141682696504,29.070487794271415,62.871532368644274,25.10655015534506,104.28588609252594,2.519801454445425,1.497259915641684,2.0,1.0,4.0,18.664399862807876,8.035892630517672,18.0,8.0,30.0,3.2011919000934927,1.5338930725405426,3.0,1.0,5.0,0.09463993161286054,0.29271695365518824,0.0,0.0,0.0,9.0
cam304_w4,304,4,CAM304_2025-05-08-114024,2025-05-08-114024,SI206_2025-05-08,122040,79920,79920,172800,632876,0.1241786678630632,0.18535985056521667,0.030985915492957747,0.0,0.4054133138258964,0.13211255132269634,0.0901296406578952,0.15029381160859806,7.389634902065179e-05,557250,1.6148548892071615,2.2684910037580632,0.8067587056163075,0.18671438624397996,3.9088939932855693,60.42642843252561,61.11670036323241,29.90334749350039,3.184728096478561,162.88620933451026,3.2228802153432032,1.5473030574085682,3.0,1.0,5.0,557250,1.6147600505469288,1.7506191090445198,1.053536712762213,0.36500515641013703,3.415364329351018,60.4241170788755,30.571152160910607,58.18816258073747,19.491306899980778,103.95835734463326,3.2227187079407806,1.5474132925610287,3.0,1.0,5.0,557181,1.614960018678447,1.750635269176703,1.053716410339338,0.3651269269238796,3.4155289558246924,60.43159986109248,30.565648791739516,58.19256929647768,19.51804762493725,103.96125799484518,2.7895728677036726,1.97833048241198,2.0,1.0,5.0,17.693069218081735,8.449399488901433,17.0,6.0,30.0,3.222783978635309,1.5472598618321571,3.0,1.0,5.0,0.12709335027576318,0.3330775143888361,0.0,0.0,1.0,8.0
cam304_w6,304,6,CAM304_2025-05-08-114024,2025-05-08-114024,SI206_2025-05-08,123120,84240,85320,172800,643676,0.0805398190349473,0.14540165932762086,0.01759014951627089,0.0,0.24065753093507794,0.09783702524678442,0.08501328538586274,0.05876914647219475,-8.670000709023439e-05,568050,1.255491170253472,1.6103087115117747,0.6894163731547052,0.17540012603942903,2.9890120109801064,64.7183061972439,60.67038910986062,38.12543536934909,4.0537773530078,163.1243295002238,3.2072352785846316,1.5393579360861072,3.0,1.0,5.0,568050,1.2554495768448324,1.1159012819403147,0.9107697390317702,0.3677450363491948,2.5451982935881774,64.7139711375536,28.561702709378615,63.743332776331584,26.814181202911552,104.32297978394001,3.207076841827304,1.5394650236112468,3.0,1.0,5.0,567627,1.2563851475118466,1.115790389424247,0.9114281847453617,0.3686241906958216,2.5460000387793036,64.76219648587424,28.51763666377242,63.77071757853136,26.915668517805475,104.33675076918709,2.4007807944301454,1.2805839164178268,2.0,1.0,4.0,18.88866632489293,7.88366211520557,19.0,8.0,30.0,3.2065388010084086,1.5392406814620743,3.0,1.0,5.0,0.07673525043734707,0.2661709070835216,0.0,0.0,0.0,9.0
cam306_w1,306,1,CAM306_2025-05-08-114043,2025-05-08-114043,SI206_2025-05-08,114480,81000,79920,172800,618826,0.09399393961356418,0.17385676864284252,0.007511737089201878,0.0,0.3438199212458645,0.07380616730456456,0.09640337555096021,0.11177227598516773,0.00022214347307996794,554010,1.4662087304410987,2.123922527510872,0.7838786442004511,0.20259351452420776,3.468109815188519,67.1820719408037,61.84913085336967,42.26612987069069,3.3617707344435703,164.31716334430334,3.2553744517246983,1.5317023877959066,4.0,1.0,5.0,554010,1.4661932250837837,1.4846724163827911,0.9819466416744311,0.4623408602084851,2.9888503188942956,67.17909741691031,32.255846320909406,67.50313694167036,21.75151680753594,110.22257625865487,3.2552119997833975,1.5318178428832288,4.0,1.0,5.0,548710,1.480355212459528,1.4847822482087447,0.9917576909152036,0.4729351343100103,3.0023006262758196,67.82798155663737,31.725017665781998,67.97828337671231,23.545407131810805,110.33478099811347,2.6920796048914726,1.6480671210496216,2.0,2.0,4.0,19.73516064952343,8.76964009246695,20.0,8.0,31.0,3.239191922873649,1.5298526113945172,3.0,1.0,5.0,0.09314027446191978,0.2906289107007044,0.0,0.0,0.0,7.0
cam306_w2,306,2,CAM306_2025-05-08-114043,2025-05-08-114043,SI206_2025-05-08,122040,81000,85320,172800,650156,0.10545549168594372,0.1785040778435728,0.023408924652523776,0.0,0.3492318946598393,0.12063254651594134,0.09335970191129402,0.10237422663059582,6.649941767281031e-05,563730,1.6114503384007557,2.046271447565477,0.8916226711952204,0.19999740619534856,3.9071600553925023,67.11878486382358,63.24705776478712,39.92952508139006,2.636104410455892,166.22149933762574,3.21840242669363,1.5394632589954484,3.0,1.0,5.0,563730,1.6113805748536556,1.4456852718415096,1.1196372448860967,0.5047197818110944,3.3592509956524577,67.11482739833066,32.7239698765107,68.30560089155404,20.090451982793205,109.93714261800855,3.218242775796924,1.5395723176982803,3.0,1.0,5.0,552286,1.6447702303919554,1.4416639399251923,1.1438302154872573,0.5354181694520634,3.389269559950253,68.5055236766113,31.587612114720155,69.31140974444119,24.173437848668325,110.18587619058047,2.865406691460584,1.5996123487248197,2.0,2.0,5.0,19.922509352038617,8.732566786947404,20.0,8.0,31.0,3.23646444052538,1.5439508700615618,3.0,1.0,5.0,0.10452374313308685,0.3059387687994697,0.0,0.0,1.0,7.0
cam306_w4,306,4,CAM306_2025-05-08-114043,2025-05-08-114043,SI206_2025-05-08,124200,85320,78840,172800,631796,0.09149378475242874,0.15989803865055807,0.020246478873239437,0.0,0.2836893793662044,0.12760607660473117,0.05358738428449264,0.09328789336806242,-6.024565095061368e-05,566970,1.4935929697512886,1.8280770390047556,0.8500363717187844,0.23365674490405935,3.5314417864662344,69.17374836203189,62.065162435474626,45.18678115494554,4.192326349429656,165.59362908322302,3.207630033335097,1.545734000450203,3.0,1.0,5.0,566970,1.4935204827213844,1.2883236831367029,1.0751216703331947,0.5089574228267537,3.0027928687698515,69.1706948585427,30.04520431310825,69.38152079740712,28.32660997719449,109.51291141340353,3.2074712947775015,1.5458408899354847,3.0,1.0,5.0,566740,1.494126597890643,1.2882336306468283,1.0754944286267767,0.5094403747789005,3.0035857346793784,69.19876639014004,30.01896292769667,69.397440806079,28.391725932122405,109.51741141886393,2.695581748244345,1.4333555484995504,2.0,2.0,4.0,20.114174048064367,8.298378492948133,20.0,9.0,31.0,3.20813071249603,1.5456526532719108,3.0,1.0,5.0,0.09087588664996295,0.28743253099735605,0.0,0.0,0.0,8.0
cam306_w5,306,5,CAM306_2025-05-08-114043,2025-05-08-114043,SI206_2025-05-08,164160,86400,86400,172800,625316,0.09446101286648191,0.15744171210288013,0.016814159292035398,0.0,0.3218799604432387,0.1250973423387487,0.04956094539222329,0.10872475086847379,6.0419649880015334e-05,614490,1.685071361536719,12.952877853162104,0.7359446171938525,0.1896843509930391,3.142875534999002,71.32525979322274,62.49260506702562,50.769741990565166,3.4573376592148812,165.58068201839356,3.057999316506371,1.5814722183413974,3.0,1.0,5.0,614490,1.6849488440385914,5.115056165736619,0.9221107781493877,0.4456650985456074,2.8116602017306587,71.32393885437452,33.935728308255385,72.91473030707843,23.177661790713067,114.90599026599443,3.0578528535859006,1.581554757287994,3.0,1.0,5.0,604400,1.4377515887796186,2.115069097231826,0.9308977435280748,0.45755247588826553,2.7871532226676443,72.1583588395172,33.143445644333156,73.46991118434168,25.287309069336388,114.97736135511947,2.6465337524818002,2.3476195183062307,2.0,2.0,4.0,20.932442091330245,9.161445510631172,21.0,8.0,33.0,3.0635340833884843,1.5802419471435538,3.0,1.0,5.0,0.09323957643944408,0.2907678761913653,0.0,0.0,0.0,8.0
cam306_w6,306,6,CAM306_2025-05-08-114043,2025-05-08-114043,SI206_2025-05-08,102600,83160,82080,172800,642596,0.06797419919152778,0.13503119203038416,0.005819592628516004,0.0,0.22198765320031139,0.06905821093628826,0.05823597437088431,0.07662841226741074,0.00011586909999385876,545370,1.533263534617943,1.9382588266818368,0.8629016464921909,0.20186621463901752,3.6796576678791846,71.49416321305601,64.03786753719179,48.02519863869637,3.023907054211333,167.97885173236565,3.297046042136531,1.5086882140472784,4.0,1.0,5.0,545370,1.5331567082472808,1.3343889189040958,1.0874084583116774,0.5181229279304383,3.1531256842011945,71.49186647070403,32.19934909024874,72.74456663662215,26.831470673148573,113.36911808412495,3.2968810165575664,1.5088118447949361,4.0,1.0,5.0,538005,1.554144801585151,1.3312965954360416,1.1015239075544598,0.5381817766987492,3.1740728736056782,72.47055179250722,31.30599665235235,73.40045049510505,29.24657025469879,113.52598781660117,2.7610059386065187,1.4795088598149073,2.0,2.0,5.0,21.019167108112377,8.654330615619022,21.0,9.0,32.0,3.311521268389699,1.5089889585128085,4.0,1.0,5.0,0.07209412551927956,0.25864369813488586,0.0,0.0,0.0,14.0
cam307_w1,307,1,CAM307_2025-05-08-122128,2025-05-08-122128,SI206_2025-05-08,106920,92880,89640,172800,575636,0.09995508743403841,0.16243580457179677,0.022579244463742945,0.0,0.29554187142171545,0.08211770525131147,0.10029551380451805,0.11745204324628573,0.00013466680891647794,564810,1.42584645403031,1.760018758110676,0.7879969818345216,0.18116691775626767,3.4303465296303437,65.02131783869697,64.18288371214545,32.99417393830211,3.025003700537101,167.62586464243415,3.2504913156636746,1.5047362939576248,3.0,1.0,5.0,564810,1.4257990029338872,1.2425129339368148,1.0245545150150996,0.4195375305043184,2.9048745232654745,65.01739293934843,32.30139516731445,62.86007195684417,22.364868827701727,110.86882108991446,3.2503319700430233,1.5048510538870763,3.0,1.0,5.0,564693,1.4260944174039494,1.2424721217747279,1.0247722729889814,0.4197873522856845,2.9050781161929438,65.03086403775748,32.291179489733295,62.871283922144656,22.39415557813569,110.8724540679881,2.599336276525475,1.4064568640255082,2.0,1.0,4.0,18.96373781860232,8.924829221770507,18.0,7.0,32.0,3.250851347546366,1.5045611246121537,3.0,1.0,5.0,0.10113991142089596,0.30151389642712867,0.0,0.0,1.0,3.0
cam307_w2,307,2,CAM307_2025-05-08-122128,2025-05-08-122128,SI206_2025-05-08,123120,90720,89640,172800,649076,0.08396586979180633,0.12576071137926764,0.02510460251046025,0.0,0.2535874137036715,0.10175833866723562,0.04356763634420757,0.1065716343639758,0.00011725765013354974,584250,1.4423427791249177,1.8240463737205201,0.8111218263094515,0.17948690722118135,3.433300169168429,64.43613777337501,64.57212894615199,31.407075864411702,2.7033299388418754,167.9281032116985,3.199640564826701,1.5251725630426096,3.0,1.0,5.0,584250,1.4422727253545848,1.2816284852128734,1.0623876649045707,0.431933785916265,2.846803115955631,64.43222084101805,31.517142015264902,61.556336100383085,24.196385867520682,110.1213388731004,3.1994865211810013,1.5252768828835266,3.0,1.0,5.0,583395,1.444386461639912,1.2813765286487757,1.0638213534514966,0.43392735113325,2.84879648147699,64.52665008504496,31.443486168846395,61.62178649630027,24.377789016105325,110.14725646640991,2.6196916325988395,1.4483860674098235,2.0,1.0,4.0,18.82325354176844,8.692106079701066,18.0,8.0,31.0,3.2021117767550287,1.5247008742725805,3.0,1.0,5.0,0.08687595882720969,0.28165320272466754,0.0,0.0,0.0,14.0
cam307_w3,307,3,CAM307_2025-05-08-122128,2025-05-08-122128,SI206_2025-05-08,206280,95040,87480,172800,680396,0.08391986493020889,0.14142590742481206,0.014593467685892982,0.0,0.2895171813832102,0.021972637811675157,0.061813740839112515,0.16797321613983904,0.0005979874110004797,669570,1.3424586077977259,4.754518018008325,0.6445236864007904,0.14415006353166793,3.1757187384223116,68.01093917968778,64.89847974239625,38.67842964070855,2.5603385758544412,168.00690807009383,2.919351225413325,1.6003946851473427,3.0,1.0,5.0,669570,1.3423380028002285,2.0432333903654945,0.7717658273844934,0.361322545363207,2.8747428436954428,68.00743489407259,34.01326995282526,66.72864557672196,22.78465545475858,114.48126485781289,2.9192168107890137,1.600457895042835,3.0,1.0,5.0,666926,1.326356495445735,1.5866575236272684,0.7745130150266213,0.3654591696979884,2.876696237176354,68.25540188358453,33.82570784378023,66.93474126942169,23.236506252335907,114.5307715560813,2.500634253275476,1.7851515889459475,2.0,1.0,4.0,19.85464054482806,9.349623136700652,19.0,7.0,33.0,2.9249991753208002,1.5988946880709054,3.0,1.0,5.0,0.08796178286646494,0.2832393115748903,0.0,0.0,0.0,8.0
cam308_w2,308,2,CAM308_2025-05-08-114056,2025-05-08-114056,SI206_2025-05-08,112320,82080,96120,172800,664196,0.0807276597385169,0.13767257343606032,0.02243125904486252,0.0,0.24458959811757555,0.11909613676881058,0.040841729578795255,0.08224511286794485,-6.11367612271295e-05,566970,1.2793109677266863,1.7147208900715187,0.662474600215291,0.1476271000881398,3.1193339427159095,62.82466634280051,63.04639806506739,30.97572842817042,3.0890911389105975,166.01295863992922,3.2514418752314937,1.5085895871324175,3.0,1.0,5.0,566970,1.2792342758422213,1.2223112640271725,0.9006669873590658,0.30450933297546035,2.6892949597610563,62.821588333645074,29.98181477295489,59.97573383338093,24.66035808415981,106.62923334641542,3.251283136673898,1.5087037179347946,3.0,1.0,5.0,566898,1.2793967475176558,1.2223038552455667,0.9008012896688287,0.30466488575496464,2.689357604509633,62.82956711353144,29.975357905014288,59.980924197058314,24.678203822553666,106.63149709510968,2.4015960543166495,1.4136790044109293,2.0,1.0,4.0,18.355104445596915,8.286029527171966,18.0,8.0,30.0,3.2515478975053713,1.5085756614211057,3.0,1.0,5.0,0.08328129575338068,0.2763069335558169,0.0,0.0,0.0,11.0
cam308_w3,308,3,CAM308_2025-05-08-114056,2025-05-08-114056,SI206_2025-05-08,123120,86400,86400,172800,657716,0.10793357266330986,0.16241038178555847,0.03996524761077324,0.0,0.28384013900955696,0.1618443898200928,0.057090823348165176,0.10486550482167155,-0.00015004160884725628,571290,1.3897587763915054,1.93432440652463,0.6986892757974055,0.15111794734957437,3.4117665064957836,61.21333725808869,62.790149050497305,28.46553790826014,2.9764274751352024,165.7123331300628,3.2022790526702725,1.5367988911224504,3.0,1.0,5.0,571290,1.3896682312793514,1.381082460874729,0.9690697174018177,0.3112329364475695,2.9259863356827416,61.209520514788586,30.652142814732994,58.33208808105372,21.742885264061528,106.37959586099987,3.202121514467258,1.5369050406467961,3.0,1.0,5.0,571126,1.3900672773566265,1.3810799301378498,0.9694168688459726,0.3115382176425463,2.9263236765446177,61.22709695390085,30.638986595628168,58.34437532435848,21.77626082236638,106.38271355945648,2.5260905649541434,1.583782007526513,2.0,1.0,4.0,17.912744298105846,8.469579771817246,17.0,7.0,30.0,3.2020569891757686,1.5366788678102703,3.0,1.0,5.0,0.11001075069249168,0.3129031566228857,0.0,0.0,1.0,3.0
cam308_w5,308,5,CAM308_2025-05-08-114056,2025-05-08-114056,SI206_2025-05-08,116640,92880,89640,172800,628556,0.1372925475846827,0.18397448909737893,0.05276705276705277,0.0,0.3834810059734072,0.22303368034547352,0.07127514804305762,0.11756881436551697,-0.00020610257110589413,585330,1.4886078966050986,2.114286147106125,0.7641268303458666,0.14988083238835337,3.5954986356649767,57.76909099578102,61.44234752851487,25.01197099303795,2.967704068991509,163.62499535679217,3.226948900620163,1.5095593482420953,3.0,1.0,5.0,585330,1.488583716537871,1.5688043320490188,1.0188458693327738,0.31160619469767903,3.1405380880373497,57.76455311712168,30.81272885525324,54.465129971228606,17.15795035916864,103.62031251226871,3.2267951412023987,1.5096673338789104,3.0,1.0,5.0,585300,1.4886600150369242,1.5688083368302423,1.018937443611216,0.3116635313765549,3.1405607041912247,57.767513883555154,30.810743042958965,54.46663944360541,17.167076687257957,103.62204666193114,2.634558346147275,1.7870835181924711,2.0,1.0,4.0,16.95613873227405,8.517514341714392,16.0,6.0,30.0,3.226960533059969,1.5095292520412935,3.0,1.0,5.0,0.14111054160259695,0.3481355435045648,0.0,0.0,1.0,8.0
cam309_w1,309,1,CAM309_2025-05-08-114626,2025-05-08-114626,SI206_2025-05-08,122040,86400,83160,172800,649076,0.0960106145157559,0.15920040672991828,0.026173285198555957,0.0,0.29935252109794247,0.17032352960051342,0.055020994434677256,0.06268731951207712,-0.0002839524764986429,573450,1.2697323788189034,1.667536489384228,0.6709180232450036,0.15106529520642942,3.106077134468796,61.68735945046715,62.5421758145291,29.568293142341773,3.0913798400027224,165.24113687216095,3.2165838346848026,1.5331261186730585,3.0,1.0,5.0,573450,1.2696791211335106,1.1802686207771347,0.9267894194757558,0.3026948599580194,2.608192158984835,61.68279600382472,29.80808550679115,58.6906791594255,24.013191980719522,105.54964414156086,3.21642688987706,1.5332335859946467,3.0,1.0,5.0,573296,1.2700201850597443,1.1802436438732424,0.9270352213576449,0.30297695463127705,2.6085275351541926,61.69936536866347,29.794937807593058,58.7012048622413,24.050999284523215,105.55467787090647,2.390349836733555,1.3685094739173003,2.0,1.0,4.0,18.04210390444029,8.23665267872701,17.0,8.0,30.0,3.216858307052552,1.5331585401557337,3.0,1.0,5.0,0.09212692919538946,0.28920504510194345,0.0,0.0,0.0,7.0
cam309_w2,309,2,CAM309_2025-05-08-114626,2025-05-08-114626,SI206_2025-05-08,117720,82080,81000,172800,623156,0.11745436167014363,0.18612878937701513,0.028680688336520075,0.0,0.3805537192352225,0.14495602995480142,0.10701364270074669,0.1003934123548828,-8.991656347158696e-05,558330,1.3967965154320188,1.8515123667571851,0.7184800599536805,0.15671147649078937,3.453568212726231,60.826185347622264,62.41386922458144,28.474694580976006,2.9545626943939283,165.0034958871414,3.237923808500349,1.5359932751310057,3.0,1.0,5.0,558330,1.3967510313475795,1.3478690004799476,0.9765344259645459,0.32654094325415944,2.9834580003740947,60.82413263578113,30.108323541937207,58.662339744551744,21.724901960344162,103.8761237642784,3.2377626135081403,1.5361056857642026,3.0,1.0,5.0,558064,1.3974167897092344,1.347845113841583,0.9770855803329495,0.3270902350155681,2.984034534922257,60.85312432720203,30.086192814696588,58.68202609899253,21.78670660590198,103.88137108799954,2.539310903408928,1.5457936164593855,2.0,1.0,4.0,17.80979600905989,8.317413086088738,17.0,7.0,30.0,3.2384601049342012,1.536077297547088,3.0,1.0,5.0,0.11320923765016198,0.31684839617841076,0.0,0.0,1.0,8.0
cam309_w3,309,3,CAM309_2025-05-08-114626,2025-05-08-114626,SI206_2025-05-08,117720,85320,81000,172800,640436,0.10661980380963451,0.15360727610743818,0.035441278665740095,0.0,0.30123239436619725,0.1445317103385129,0.05104819377343964,0.124279507316951,1.6308125677485705e-05,564810,1.500790257608427,2.020395710736572,0.7986648521965278,0.17579869567303044,3.6371337896022116,59.830891865630136,61.96528244225819,27.611425030144556,3.0114440416159725,164.51665210951998,3.23519413608116,1.5311180669518034,3.0,1.0,5.0,564810,1.5006803051447797,1.4186033773926794,1.0533638693633538,0.3732924127706754,3.150081149321728,59.82667242131485,30.163151090452217,56.775859290432294,21.275866420546578,104.1310239214481,3.235034790460509,1.5312292577863038,3.0,1.0,5.0,564740,1.500866315736132,1.4185928973473105,1.0534869205152426,0.37350035593460484,3.150140637750182,59.83408798789329,30.157664904046786,56.78120824413665,21.290971767459638,104.13400658729326,2.6650777348868506,1.611277995191089,2.0,1.0,4.0,17.527414385380883,8.337098500550352,17.0,7.0,30.0,3.235294117647059,1.5311073168905265,3.0,1.0,5.0,0.1129457803591033,0.3165265092502941,0.0,0.0,1.0,8.0
cam309_w4,309,4,CAM309_2025-05-08-114626,2025-05-08-114626,SI206_2025-05-08,117720,82080,82080,172800,636116,0.10560089950958598,0.1606763802832561,0.02676864244741874,0.0,0.3536879737045952,0.12333656035501978,0.07317071603154111,0.12029542214219704,5.5965947917577855e-06,560490,1.507373553755099,2.1103355065662694,0.7201583651722645,0.15384400435389206,3.7559956980900524,61.29495384040237,62.77746425799969,28.72788726913913,2.941353370720607,165.60961413165646,3.23893379007654,1.5334309079884854,3.0,1.0,5.0,560490,1.507314671095251,1.6122041125158717,0.9755124176371324,0.3203859678935747,3.254074841081611,61.29060642695829,29.71115757187215,59.33622359813789,22.78404333409472,103.66833100160123,3.2387732162928864,1.5335431783189657,3.0,1.0,5.0,559062,1.511164772426274,1.6124586967535595,0.9785617163399787,0.3234971074515615,3.2581011025142033,61.4471597000795,29.5869553507082,59.43981605336459,23.103696808376952,103.72040644607827,2.666342910088684,1.8322474798969428,2.0,1.0,5.0,17.97268639256469,8.178999611560993,17.0,7.0,30.0,3.241803234703843,1.5340228622365641,3.0,1.0,5.0,0.10660713838536692,0.3086131177229026,0.0,0.0,1.0,7.0
cam309_w5,309,5,CAM309_2025-05-08-114626,2025-05-08-114626,SI206_2025-05-08,118800,88560,79920,172800,638276,0.07332980165408193,0.15088583481140544,0.013026487190620929,0.0,0.19915254237288146,0.1420705418803602,0.023980995709376667,0.05393786737250894,-0.0003197491875945016,562650,1.1759960208307294,1.541449231801786,0.6142229905026568,0.14274142683451538,2.8710237321689016,64.35684856390772,62.613033893715276,34.34694368177227,3.395309950710361,165.51630109937523,3.2169021594241536,1.5380648239212746,3.0,1.0,5.0,562650,1.1759017012608053,1.0553135939240597,0.8694977541608168,0.3017377944080059,2.3824258234089406,64.35313632394949,28.674239687848612,62.2395383406688,27.662135560989853,105.34228342661567,3.2167422020794456,1.5381740352636002,3.0,1.0,5.0,562617,1.1759706731477935,1.0553061145035623,0.8695546729718676,0.3017932635650148,2.3825650505763547,64.3569109228306,28.670844538655363,62.24226270293539,27.670135085007917,105.3433384785859,2.286998082176685,1.2353517657733768,2.0,1.0,4.0,18.7766295721601,7.9257990948279655,18.0,9.0,30.0,3.216904217256144,1.5380342671927327,3.0,1.0,5.0,0.0744822854624016,0.26255413654082643,0.0,0.0,0.0,8.0
cam309_w6,309,6,CAM309_2025-05-08-114626,2025-05-08-114626,SI206_2025-05-08,118800,84240,84240,172800,619916,0.10229522869741722,0.15257310829504034,0.04038211029092488,0.0,0.29614655716993055,0.16987373299004505,0.06531100653542303,0.07170094656678358,-0.0002496022803997281,565890,1.40018343707249,1.7017689375249798,0.7782130940551633,0.17601838571559023,3.3897733461497555,61.00814144879105,62.48447343592125,28.753626336210115,2.9281029226299373,165.04219775605327,3.2290197741610562,1.531181750018282,3.0,1.0,5.0,565890,1.4000657124657294,1.2047680697636007,1.0629174769401861,0.3708572559820303,2.801353963585144,61.00502079814564,29.974068840677997,57.93626089741747,23.176434958452646,105.34002196036528,3.228860732651222,1.531292082778212,3.0,1.0,5.0,565154,1.4018890179088026,1.2044917078213149,1.0643820115263742,0.37240100277895805,2.80272746274764,61.0844676308805,29.912570601065763,57.98232500880869,23.324843379585726,105.36888167004047,2.548236409898895,1.385514122157829,2.0,1.0,4.0,17.872742650675747,8.269039771602035,17.0,7.0,30.0,3.2293180265909824,1.532086841666254,3.0,1.0,5.0,0.10038325836851549,0.3005103322813299,0.0,0.0,1.0,13.0
cam516_w1,516,1,CAM516_2025-05-08-122149,2025-05-08-122149,SI206_2025-05-08,118800,85320,78840,172800,629636,0.08052803390226536,0.11351713243250368,0.029770992366412213,0.0,0.23146452315839047,0.08001677898027135,0.05485575566994733,0.10671156705657737,0.00017420089900450228,554010,1.4164700782432398,1.867218305549884,0.7351550353436109,0.16758216062407527,3.459442294344791,62.632005652947235,62.72839325414241,31.15197517865907,3.1443205597275155,165.66617641070434,3.2183354091081386,1.5456391776044827,3.0,1.0,5.0,554010,1.4164468463748756,1.3471265912367565,0.9658887332908703,0.3554100388260294,3.00284096638386,62.626343440150016,29.564377470109946,60.02107672912577,24.645539706801795,105.09877543669688,3.2181729571668383,1.5457496990822468,3.0,1.0,5.0,553980,1.4165235520418524,1.347122738522614,0.9659526608645108,0.35547677560727725,3.0028743333030947,62.629734880821545,29.56158560077625,60.022341380796234,24.65101036856776,105.10001690248667,2.5692913101556014,1.5379040584651997,2.0,1.0,4.0,18.298864579948734,8.172648021585127,18.0,8.0,30.0,3.218347232752085,1.5456101204037753,3.0,1.0,5.0,0.08591465395862667,0.2802379813547695,0.0,0.0,0.0,9.0
cam516_w3,516,3,CAM516_2025-05-08-122149,2025-05-08-122149,SI206_2025-05-08,119880,82080,82080,172800,610186,0.09918846194536848,0.17298347191926017,0.031992687385740404,0.0,0.26573105401723934,0.13101751385742738,0.0776176314666604,0.08893024051201763,-8.131193328202406e-05,556170,1.3364337488100033,1.9040646494303703,0.6644609470454244,0.1466082855912946,3.2938519788121092,61.93708830231022,62.16197630325025,30.94474129617826,3.1280415319175785,164.94586077254206,3.2213711634931768,1.543400797295365,3.0,1.0,5.0,556170,1.336375744619039,1.3960424733882169,0.9007217276704211,0.31038461901273623,2.826123266292399,61.93457452455109,29.530745658911016,60.412923725891204,23.046348751785157,103.55087341136223,3.2212093424672315,1.5435113675102679,3.0,1.0,5.0,553904,1.3418428064877141,1.3962706279378587,0.9048207965699384,0.3150030933301194,2.8315645911264387,62.18794649130458,29.323639628269103,60.57259658164105,23.626115010705988,103.62630381688204,2.4810544787544413,1.5946363735407172,2.0,1.0,4.0,18.177913501256537,8.106783190863023,18.0,8.0,30.0,3.2162035298535487,1.5427475705491955,3.0,1.0,5.0,0.0975674485109333,0.2967289023704966,0.0,0.0,0.0,11.0
cam516_w4,516,4,CAM516_2025-05-08-122149,2025-05-08-122149,SI206_2025-05-08,117720,78840,82080,172800,636116,0.09403045313413724,0.1525042441216727,0.027422303473491772,0.0,0.28384917035321044,0.12250485058780111,0.06974621155879096,0.08984029725581967,-0.00015398493951502158,549690,1.3274059589925984,1.7467889850460827,0.6895634053255772,0.15354135052716117,3.2346415920224767,62.20319996491209,62.82913698169207,30.22372424293924,2.981473760534089,165.66236325292468,3.235769251760083,1.5429147661749314,3.0,1.0,5.0,549690,1.3273171449185126,1.2230141570810404,0.9510356504234436,0.3469758432073821,2.74229764742503,62.20043013609284,29.153630820879176,60.272319916271314,24.153764757999447,103.6022034698931,3.235605523113027,1.5430282026953417,3.0,1.0,5.0,548200,1.3309247745170691,1.222713216423253,0.9536415012754138,0.3499604221509843,2.74539437191929,62.36949004288377,29.012068509713167,60.37959032228997,24.516274161426082,103.65365125737651,2.4741006931776726,1.4022472983269874,2.0,1.0,4.0,18.228323604523897,8.021380179513917,18.0,8.0,30.0,3.239073330901131,1.5436179524632727,3.0,1.0,5.0,0.09112550164173659,0.28778749902015976,0.0,0.0,0.0,11.0
cam516_w5,516,5,CAM516_2025-05-08-122149,2025-05-08-122149,SI206_2025-05-08,119880,82080,81000,172800,601556,0.11285978481640996,0.17940360880023065,0.03151065801668211,0.0,0.33547763987577955,0.15399487933957667,0.0834905157341242,0.10109395937552906,-0.0001517417672618489,558330,1.4153681934645295,1.8823599280390335,0.7018800624341975,0.15276188430582094,3.541771678103786,61.173446297769125,62.163480806824474,29.361331377382548,3.129547649383224,164.78424553342177,3.226317769061308,1.5415152891700876,3.0,1.0,5.0,558330,1.4153068878149453,1.4110673910066072,0.9676684734825018,0.32091354875589545,3.020938603322258,61.16892701495698,29.8190027761433,59.11999038051114,22.0408287130142,104.08843983919866,3.226156574069099,1.5416260836090252,3.0,1.0,5.0,558300,1.4153829386955368,1.4110671608074916,0.9677286859016527,0.32097624950492726,3.021091951730416,61.17221389980464,29.81643237962799,59.1232321485578,22.049426301424514,104.08912186100095,2.558825004477879,1.6128297796940148,2.0,1.0,4.0,17.897560451370232,8.242673381657662,17.0,7.0,30.0,3.2263299301450834,1.541486095912622,3.0,1.0,5.0,0.1122980476446355,0.31573279230995105,0.0,0.0,1.0,9.0
cam537_w2,537,2,CAM537_2025-05-08-120219,2025-05-08-120219,SI206_2025-05-08,124200,90720,90720,172800,652316,0.10859988694742913,0.1674214078554468,0.02481389578163772,0.0,0.3430008357532811,0.16025824443561504,0.06288465122311684,0.10265676518355545,-0.00011147590883757193,587490,1.3466278734298405,2.0448902940887486,0.6460533901197771,0.12950470113093637,3.327752190549573,61.649189743029865,63.7009323248827,27.64095863535764,2.874931133695932,167.010983912682,3.1967012204463057,1.524289826442367,3.0,1.0,5.0,587490,1.3465867134469929,1.4516384015610528,0.8998749335637763,0.2766619868759828,2.863809916338966,61.64498864644722,31.218119227655883,58.8001202593052,21.556993635434193,107.71862593873863,3.196548026349385,1.5243933357089305,3.0,1.0,5.0,587372,1.3468572357602568,1.451658716917463,0.9000822328500684,0.27688205691904155,2.86404187997095,61.65737280616249,31.20902400960047,58.80798626650133,21.580928973681555,107.72318994199935,2.4722237355542993,1.6629058304157711,2.0,1.0,4.0,18.031540488821395,8.62799385399923,17.0,7.0,31.0,3.1965432468691053,1.524235779567341,3.0,1.0,5.0,0.11185585965963649,0.31518903267632936,0.0,0.0,1.0,8.0
cam537_w3,537,3,CAM537_2025-05-08-120219,2025-05-08-120219,SI206_2025-05-08,114480,90720,86400,172800,646916,0.10089397034225722,0.16913869074190632,0.029473684210526315,0.0,0.3012958983035347,0.16928504976329775,0.06362025561561566,0.06977660564785824,-0.0003504871689303224,571290,1.244758266897027,1.6525795513583195,0.6571406020394149,0.13283060002116803,3.0697644013119527,61.673505428160915,64.03572495978136,27.278687828132338,2.7643907932690333,167.4363055470985,3.232526387649005,1.517638996429381,3.0,1.0,5.0,571290,1.24473027347813,1.1238726331216693,0.9338858158496952,0.2895576429888766,2.533923589843388,61.669508563775906,30.3628232600279,58.65545116374588,23.449414561677806,106.53513731647713,3.2323688494459906,1.5177496255690912,3.0,1.0,5.0,571228,1.244865374133132,1.1238588019427196,0.933990587137596,0.28965923421403467,2.534121217288767,61.67620205487047,30.357672318451524,58.65929024764803,23.4633100195816,106.53630798032437,2.3633120225199047,1.3066763192203517,2.0,1.0,4.0,18.03627098111437,8.392537173015642,17.0,7.0,30.0,3.2324395862947894,1.5175935514041439,3.0,1.0,5.0,0.09841954526038639,0.2978810809217751,0.0,0.0,0.0,4.0
cam537_w5,537,5,CAM537_2025-05-08-120219,2025-05-08-120219,SI206_2025-05-08,118800,90720,87480,172800,664196,0.10190542321928991,0.15299709305191644,0.03916614024005054,0.0,0.28509083974345795,0.13777296293851862,0.06856073723860975,0.09938256948074138,-3.707437314960976e-05,577770,1.314979102132466,1.8414767213095888,0.663438962370122,0.1045920183575097,3.3061149836636528,56.45988458662886,62.974843939058864,21.628401279552186,1.5489741609988046,165.5333687243841,3.216833688145802,1.521715743018261,3.0,1.0,5.0,577770,1.3149012112064962,1.2972280674895538,0.9314207308395468,0.2543165660273603,2.847809458078156,56.45678582143521,31.396808452106995,53.98623630454732,13.653632995045527,101.77352654796118,3.216677916818111,1.5218232322143654,3.0,1.0,5.0,554048,1.3711997386485963,1.295243052110336,0.9803116146655257,0.30285356541543595,2.898118121612469,58.8740274200983,29.75992108547382,55.45768801516396,22.008592649886594,102.72641479435487,2.505806356127989,1.4921070645091064,2.0,1.0,4.0,17.263303901467022,8.226887624936055,16.0,7.0,29.0,3.1499310529051634,1.5149997358571905,3.0,1.0,5.0,0.10177277059027377,0.3023492579065695,0.0,0.0,1.0,2.0
