worm_id,stage_index,start_frame,end_frame,file_start,source_file
cam034_w1,1,5,75600,5,coordCAM034-w1CAM034_2025-05-08-121710-stages.mat
cam034_w1,2,75601,189000,5,coordCAM034-w1CAM034_2025-05-08-121710-stages.mat
cam034_w1,3,189001,272160,5,coordCAM034-w1CAM034_2025-05-08-121710-stages.mat
cam034_w1,4,272161,354240,5,coordCAM034-w1CAM034_2025-05-08-121710-stages.mat
cam034_w1,5,354241,457920,5,coordCAM034-w1CAM034_2025-05-08-121710-stages.mat
cam034_w1,6,457921,630720,5,coordCAM034-w1CAM034_2025-05-08-121710-stages.mat
cam034_w2,1,5,75600,5,coordCAM034-w2CAM034_2025-05-08-121710-stages.mat
cam034_w2,2,75601,193320,5,coordCAM034-w2CAM034_2025-05-08-121710-stages.mat
cam034_w2,3,193321,275400,5,coordCAM034-w2CAM034_2025-05-08-121710-stages.mat
cam034_w2,4,275401,360720,5,coordCAM034-w2CAM034_2025-05-08-121710-stages.mat
cam034_w2,5,360721,465480,5,coordCAM034-w2CAM034_2025-05-08-121710-stages.mat
cam034_w2,6,465481,638280,5,coordCAM034-w2CAM034_2025-05-08-121710-stages.mat
cam034_w4,1,5,75600,5,coordCAM034-w4CAM034_2025-05-08-121710-stages.mat
cam034_w4,2,75601,194400,5,coordCAM034-w4CAM034_2025-05-08-121710-stages.mat
cam034_w4,3,194401,282960,5,coordCAM034-w4CAM034_2025-05-08-121710-stages.mat
cam034_w4,4,282961,371520,5,coordCAM034-w4CAM034_2025-05-08-121710-stages.mat
cam034_w4,5,371521,471960,5,coordCAM034-w4CAM034_2025-05-08-121710-stages.mat
cam034_w4,6,471961,644760,5,coordCAM034-w4CAM034_2025-05-08-121710-stages.mat
cam034_w5,1,5,75600,5,coordCAM034-w5CAM034_2025-05-08-121710-stages.mat
cam034_w5,2,75601,195480,5,coordCAM034-w5CAM034_2025-05-08-121710-stages.mat
cam034_w5,3,195481,284040,5,coordCAM034-w5CAM034_2025-05-08-121710-stages.mat
cam034_w5,4,284041,371520,5,coordCAM034-w5CAM034_2025-05-08-121710-stages.mat
cam034_w5,5,371521,476280,5,coordCAM034-w5CAM034_2025-05-08-121710-stages.mat
cam034_w5,6,476281,649080,5,coordCAM034-w5CAM034_2025-05-08-121710-stages.mat
cam035_w1,1,5,75600,5,coordCAM035-w1CAM035_2025-05-08-121725-stages.mat
cam035_w1,2,75601,196560,5,coordCAM035-w1CAM035_2025-05-08-121725-stages.mat
cam035_w1,3,196561,282960,5,coordCAM035-w1CAM035_2025-05-08-121725-stages.mat
cam035_w1,4,282961,371520,5,coordCAM035-w1CAM035_2025-05-08-121725-stages.mat
cam035_w1,5,371521,476280,5,coordCAM035-w1CAM035_2025-05-08-121725-stages.mat
cam035_w1,6,476281,649080,5,coordCAM035-w1CAM035_2025-05-08-121725-stages.mat
cam035_w5,1,5,86400,5,coordCAM035-w5CAM035_2025-05-08-121725-stages.mat
cam035_w5,2,86401,216000,5,coordCAM035-w5CAM035_2025-05-08-121725-stages.mat
cam035_w5,3,216001,303480,5,coordCAM035-w5CAM035_2025-05-08-121725-stages.mat
cam035_w5,4,303481,394200,5,coordCAM035-w5CAM035_2025-05-08-121725-stages.mat
cam035_w5,5,394201,504360,5,coordCAM035-w5CAM035_2025-05-08-121725-stages.mat
cam035_w5,6,504361,677160,5,coordCAM035-w5CAM035_2025-05-08-121725-stages.mat
cam036_w1,1,5,64800,5,coordCAM036-w1CAM036_2025-05-08-114558-stages.mat
cam036_w1,2,64801,189000,5,coordCAM036-w1CAM036_2025-05-08-114558-stages.mat
cam036_w1,3,189001,275400,5,coordCAM036-w1CAM036_2025-05-08-114558-stages.mat
cam036_w1,4,275401,358560,5,coordCAM036-w1CAM036_2025-05-08-114558-stages.mat
cam036_w1,5,358561,460080,5,coordCAM036-w1CAM036_2025-05-08-114558-stages.mat
cam036_w1,6,460081,632880,5,coordCAM036-w1CAM036_2025-05-08-114558-stages.mat
cam036_w2,1,5,75600,5,coordCAM036-w2CAM036_2025-05-08-114558-stages.mat
cam036_w2,2,75601,196560,5,coordCAM036-w2CAM036_2025-05-08-114558-stages.mat
cam036_w2,3,196561,279720,5,coordCAM036-w2CAM036_2025-05-08-114558-stages.mat
cam036_w2,4,279721,365040,5,coordCAM036-w2CAM036_2025-05-08-114558-stages.mat
cam036_w2,5,365041,470880,5,coordCAM036-w2CAM036_2025-05-08-114558-stages.mat
cam036_w2,6,470881,643680,5,coordCAM036-w2CAM036_2025-05-08-114558-stages.mat
cam036_w3,1,5,75600,5,coordCAM036-w3CAM036_2025-05-08-114558-stages.mat
cam036_w3,2,75601,199800,5,coordCAM036-w3CAM036_2025-05-08-114558-stages.mat
cam036_w3,3,199801,286200,5,coordCAM036-w3CAM036_2025-05-08-114558-stages.mat
cam036_w3,4,286201,358560,5,coordCAM036-w3CAM036_2025-05-08-114558-stages.mat
cam036_w3,5,358561,466560,5,coordCAM036-w3CAM036_2025-05-08-114558-stages.mat
cam036_w3,6,466561,639360,5,coordCAM036-w3CAM036_2025-05-08-114558-stages.mat
cam036_w6,1,5,97200,5,coordCAM036-w6CAM036_2025-05-08-114558-stages.mat
cam036_w6,2,97201,211680,5,coordCAM036-w6CAM036_2025-05-08-114558-stages.mat
cam036_w6,3,211681,295920,5,coordCAM036-w6CAM036_2025-05-08-114558-stages.mat
cam036_w6,4,295921,381240,5,coordCAM036-w6CAM036_2025-05-08-114558-stages.mat
cam036_w6,5,381241,484920,5,coordCAM036-w6CAM036_2025-05-08-114558-stages.mat
cam036_w6,6,484921,657720,5,coordCAM036-w6CAM036_2025-05-08-114558-stages.mat
cam037_w1,1,5,86400,5,coordCAM037-w1CAM037_2025-05-08-121357-stages.mat
cam037_w1,2,86401,201960,5,coordCAM037-w1CAM037_2025-05-08-121357-stages.mat
cam037_w1,3,201961,292680,5,coordCAM037-w1CAM037_2025-05-08-121357-stages.mat
cam037_w1,4,292681,372600,5,coordCAM037-w1CAM037_2025-05-08-121357-stages.mat
cam037_w1,5,372601,478440,5,coordCAM037-w1CAM037_2025-05-08-121357-stages.mat
cam037_w1,6,478441,651240,5,coordCAM037-w1CAM037_2025-05-08-121357-stages.mat
cam037_w2,1,5,86400,5,coordCAM037-w2CAM037_2025-05-08-121357-stages.mat
cam037_w2,2,86401,201960,5,coordCAM037-w2CAM037_2025-05-08-121357-stages.mat
cam037_w2,3,201961,282960,5,coordCAM037-w2CAM037_2025-05-08-121357-stages.mat
cam037_w2,4,282961,370440,5,coordCAM037-w2CAM037_2025-05-08-121357-stages.mat
cam037_w2,5,370441,474120,5,coordCAM037-w2CAM037_2025-05-08-121357-stages.mat
cam037_w2,6,474121,646920,5,coordCAM037-w2CAM037_2025-05-08-121357-stages.mat
cam037_w3,1,5,75600,5,coordCAM037-w3CAM037_2025-05-08-121357-stages.mat
cam037_w3,2,75601,192240,5,coordCAM037-w3CAM037_2025-05-08-121357-stages.mat
cam037_w3,3,192241,278640,5,coordCAM037-w3CAM037_2025-05-08-121357-stages.mat
cam037_w3,4,278641,363960,5,coordCAM037-w3CAM037_2025-05-08-121357-stages.mat
cam037_w3,5,363961,475200,5,coordCAM037-w3CAM037_2025-05-08-121357-stages.mat
cam037_w3,6,475201,648000,5,coordCAM037-w3CAM037_2025-05-08-121357-stages.mat
cam037_w5,1,5,97200,5,coordCAM037-w5CAM037_2025-05-08-121357-stages.mat
cam037_w5,2,97201,221400,5,coordCAM037-w5CAM037_2025-05-08-121357-stages.mat
cam037_w5,3,221401,304560,5,coordCAM037-w5CAM037_2025-05-08-121357-stages.mat
cam037_w5,4,304561,389880,5,coordCAM037-w5CAM037_2025-05-08-121357-stages.mat
cam037_w5,5,389881,493560,5,coordCAM037-w5CAM037_2025-05-08-121357-stages.mat
cam037_w5,6,493561,666360,5,coordCAM037-w5CAM037_2025-05-08-121357-stages.mat
cam037_w6,1,5,86400,5,coordCAM037-w6CAM037_2025-05-08-121357-stages.mat
cam037_w6,2,86401,201960,5,coordCAM037-w6CAM037_2025-05-08-121357-stages.mat
cam037_w6,3,201961,286200,5,coordCAM037-w6CAM037_2025-05-08-121357-stages.mat
cam037_w6,4,286201,371520,5,coordCAM037-w6CAM037_2025-05-08-121357-stages.mat
cam037_w6,5,371521,468720,5,coordCAM037-w6CAM037_2025-05-08-121357-stages.mat
cam037_w6,6,468721,641520,5,coordCAM037-w6CAM037_2025-05-08-121357-stages.mat
cam228_w1,1,5,54000,5,coordCAM228-w1CAM228_2025-05-08-141050-stages.mat
cam228_w1,2,54001,187920,5,coordCAM228-w1CAM228_2025-05-08-141050-stages.mat
cam228_w1,3,187921,271080,5,coordCAM228-w1CAM228_2025-05-08-141050-stages.mat
cam228_w1,4,271081,356400,5,coordCAM228-w1CAM228_2025-05-08-141050-stages.mat
cam228_w1,5,356401,459000,5,coordCAM228-w1CAM228_2025-05-08-141050-stages.mat
cam228_w1,6,459001,631800,5,coordCAM228-w1CAM228_2025-05-08-141050-stages.mat
cam228_w2,1,5,64800,5,coordCAM228-w2CAM228_2025-05-08-141050-stages.mat
cam228_w2,2,64801,184680,5,coordCAM228-w2CAM228_2025-05-08-141050-stages.mat
cam228_w2,3,184681,263520,5,coordCAM228-w2CAM228_2025-05-08-141050-stages.mat
cam228_w2,4,263521,340200,5,coordCAM228-w2CAM228_2025-05-08-141050-stages.mat
cam228_w2,5,340201,442800,5,coordCAM228-w2CAM228_2025-05-08-141050-stages.mat
cam228_w2,6,442801,615600,5,coordCAM228-w2CAM228_2025-05-08-141050-stages.mat
cam228_w3,1,5,32400,5,coordCAM228-w3CAM228_2025-05-08-141050-stages.mat
cam228_w3,2,32401,179280,5,coordCAM228-w3CAM228_2025-05-08-141050-stages.mat
cam228_w3,3,179281,261360,5,coordCAM228-w3CAM228_2025-05-08-141050-stages.mat
cam228_w3,4,261361,342360,5,coordCAM228-w3CAM228_2025-05-08-141050-stages.mat
cam228_w3,5,342361,448200,5,coordCAM228-w3CAM228_2025-05-08-141050-stages.mat
cam228_w3,6,448201,621000,5,coordCAM228-w3CAM228_2025-05-08-141050-stages.mat
cam228_w6,1,5,32400,5,coordCAM228-w6CAM228_2025-05-08-141050-stages.mat
cam228_w6,2,32401,181440,5,coordCAM228-w6CAM228_2025-05-08-141050-stages.mat
cam228_w6,3,181441,265680,5,coordCAM228-w6CAM228_2025-05-08-141050-stages.mat
cam228_w6,4,265681,347760,5,coordCAM228-w6CAM228_2025-05-08-141050-stages.mat
cam228_w6,5,347761,448200,5,coordCAM228-w6CAM228_2025-05-08-141050-stages.mat
cam228_w6,6,448201,621000,5,coordCAM228-w6CAM228_2025-05-08-141050-stages.mat
cam229_w1,1,5,75600,5,coordCAM229-w1CAM229_2025-05-08-141115-stages.mat
cam229_w1,2,75601,201960,5,coordCAM229-w1CAM229_2025-05-08-141115-stages.mat
cam229_w1,3,201961,285120,5,coordCAM229-w1CAM229_2025-05-08-141115-stages.mat
cam229_w1,4,285121,368280,5,coordCAM229-w1CAM229_2025-05-08-141115-stages.mat
cam229_w1,5,368281,471960,5,coordCAM229-w1CAM229_2025-05-08-141115-stages.mat
cam229_w1,6,471961,644760,5,coordCAM229-w1CAM229_2025-05-08-141115-stages.mat
cam231_w1,1,15,10800,15,coordCAM231-w1CAM231_2025-05-08-115315-stages.mat
cam231_w1,2,10801,124200,15,coordCAM231-w1CAM231_2025-05-08-115315-stages.mat
cam231_w1,3,124201,207360,15,coordCAM231-w1CAM231_2025-05-08-115315-stages.mat
cam231_w1,4,207361,287280,15,coordCAM231-w1CAM231_2025-05-08-115315-stages.mat
cam231_w1,5,287281,382320,15,coordCAM231-w1CAM231_2025-05-08-115315-stages.mat
cam231_w1,6,382321,555120,15,coordCAM231-w1CAM231_2025-05-08-115315-stages.mat
cam231_w5,1,15,32400,15,coordCAM231-w5CAM231_2025-05-08-115315-stages.mat
cam231_w5,2,32401,150120,15,coordCAM231-w5CAM231_2025-05-08-115315-stages.mat
cam231_w5,3,150121,227880,15,coordCAM231-w5CAM231_2025-05-08-115315-stages.mat
cam231_w5,4,227881,306720,15,coordCAM231-w5CAM231_2025-05-08-115315-stages.mat
cam231_w5,5,306721,411480,15,coordCAM231-w5CAM231_2025-05-08-115315-stages.mat
cam231_w5,6,411481,584280,15,coordCAM231-w5CAM231_2025-05-08-115315-stages.mat
cam236_w1,1,15,54000,15,coordCAM236-w1CAM236_2025-05-08-115327-stages.mat
cam236_w1,2,54001,184680,15,coordCAM236-w1CAM236_2025-05-08-115327-stages.mat
cam236_w1,3,184681,272160,15,coordCAM236-w1CAM236_2025-05-08-115327-stages.mat
cam236_w1,4,272161,359640,15,coordCAM236-w1CAM236_2025-05-08-115327-stages.mat
cam236_w1,5,359641,466560,15,coordCAM236-w1CAM236_2025-05-08-115327-stages.mat
cam236_w1,6,466561,639360,15,coordCAM236-w1CAM236_2025-05-08-115327-stages.mat
cam236_w2,1,15,54000,15,coordCAM236-w2CAM236_2025-05-08-115327-stages.mat
cam236_w2,2,54001,176040,15,coordCAM236-w2CAM236_2025-05-08-115327-stages.mat
cam236_w2,3,176041,267840,15,coordCAM236-w2CAM236_2025-05-08-115327-stages.mat
cam236_w2,4,267841,351000,15,coordCAM236-w2CAM236_2025-05-08-115327-stages.mat
cam236_w2,5,351001,451440,15,coordCAM236-w2CAM236_2025-05-08-115327-stages.mat
cam236_w2,6,451441,624240,15,coordCAM236-w2CAM236_2025-05-08-115327-stages.mat
cam236_w3,1,15,10800,15,coordCAM236-w3CAM236_2025-05-08-115327-stages.mat
cam236_w3,2,10801,132840,15,coordCAM236-w3CAM236_2025-05-08-115327-stages.mat
cam236_w3,3,132841,220320,15,coordCAM236-w3CAM236_2025-05-08-115327-stages.mat
cam236_w3,4,220321,306720,15,coordCAM236-w3CAM236_2025-05-08-115327-stages.mat
cam236_w3,5,306721,406080,15,coordCAM236-w3CAM236_2025-05-08-115327-stages.mat
cam236_w3,6,406081,578880,15,coordCAM236-w3CAM236_2025-05-08-115327-stages.mat
cam236_w6,1,15,10800,15,coordCAM236-w6CAM236_2025-05-08-115327-stages.mat
cam236_w6,2,10801,124200,15,coordCAM236-w6CAM236_2025-05-08-115327-stages.mat
cam236_w6,3,124201,206280,15,coordCAM236-w6CAM236_2025-05-08-115327-stages.mat
cam236_w6,4,206281,288360,15,coordCAM236-w6CAM236_2025-05-08-115327-stages.mat
cam236_w6,5,288361,396360,15,coordCAM236-w6CAM236_2025-05-08-115327-stages.mat
cam236_w6,6,396361,569160,15,coordCAM236-w6CAM236_2025-05-08-115327-stages.mat
cam241_w1,1,15,64800,15,coordCAM241-w1CAM241_2025-05-08-115304-stages.mat
cam241_w1,2,64801,219240,15,coordCAM241-w1CAM241_2025-05-08-115304-stages.mat
cam241_w1,3,219241,308880,15,coordCAM241-w1CAM241_2025-05-08-115304-stages.mat
cam241_w1,4,308881,390960,15,coordCAM241-w1CAM241_2025-05-08-115304-stages.mat
cam241_w1,5,390961,494640,15,coordCAM241-w1CAM241_2025-05-08-115304-stages.mat
cam241_w1,6,494641,667440,15,coordCAM241-w1CAM241_2025-05-08-115304-stages.mat
cam241_w2,1,15,10800,15,coordCAM241-w2CAM241_2025-05-08-115304-stages.mat
cam241_w2,2,10801,162000,15,coordCAM241-w2CAM241_2025-05-08-115304-stages.mat
cam241_w2,3,162001,252720,15,coordCAM241-w2CAM241_2025-05-08-115304-stages.mat
cam241_w2,4,252721,334800,15,coordCAM241-w2CAM241_2025-05-08-115304-stages.mat
cam241_w2,5,334801,436320,15,coordCAM241-w2CAM241_2025-05-08-115304-stages.mat
cam241_w2,6,436321,609120,15,coordCAM241-w2CAM241_2025-05-08-115304-stages.mat
cam241_w3,1,15,10800,15,coordCAM241-w3CAM241_2025-05-08-115304-stages.mat
cam241_w3,2,10801,152280,15,coordCAM241-w3CAM241_2025-05-08-115304-stages.mat
cam241_w3,3,152281,240840,15,coordCAM241-w3CAM241_2025-05-08-115304-stages.mat
cam241_w3,4,240841,320760,15,coordCAM241-w3CAM241_2025-05-08-115304-stages.mat
cam241_w3,5,320761,424440,15,coordCAM241-w3CAM241_2025-05-08-115304-stages.mat
cam241_w3,6,424441,597240,15,coordCAM241-w3CAM241_2025-05-08-115304-stages.mat
cam241_w4,1,15,10800,15,coordCAM241-w4CAM241_2025-05-08-115304-stages.mat
cam241_w4,2,10801,204120,15,coordCAM241-w4CAM241_2025-05-08-115304-stages.mat
cam241_w4,3,204121,289440,15,coordCAM241-w4CAM241_2025-05-08-115304-stages.mat
cam241_w4,4,289441,369360,15,coordCAM241-w4CAM241_2025-05-08-115304-stages.mat
cam241_w4,5,369361,478440,15,coordCAM241-w4CAM241_2025-05-08-115304-stages.mat
cam241_w4,6,478441,651240,15,coordCAM241-w4CAM241_2025-05-08-115304-stages.mat
cam241_w6,1,15,10800,15,coordCAM241-w6CAM241_2025-05-08-115304-stages.mat
cam241_w6,2,10801,153360,15,coordCAM241-w6CAM241_2025-05-08-115304-stages.mat
cam241_w6,3,153361,248400,15,coordCAM241-w6CAM241_2025-05-08-115304-stages.mat
cam241_w6,4,248401,324000,15,coordCAM241-w6CAM241_2025-05-08-115304-stages.mat
cam241_w6,5,324001,432000,15,coordCAM241-w6CAM241_2025-05-08-115304-stages.mat
cam241_w6,6,432001,604800,15,coordCAM241-w6CAM241_2025-05-08-115304-stages.mat
cam245_w1,1,5,259200,5,coordCAM245-w1CAM245_2025-05-08-141101-stages.mat
cam245_w1,2,259201,358560,5,coordCAM245-w1CAM245_2025-05-08-141101-stages.mat
cam245_w1,3,358561,459000,5,coordCAM245-w1CAM245_2025-05-08-141101-stages.mat
cam245_w1,4,459001,554040,5,coordCAM245-w1CAM245_2025-05-08-141101-stages.mat
cam245_w1,5,554041,656640,5,coordCAM245-w1CAM245_2025-05-08-141101-stages.mat
cam245_w1,6,656641,735349,5,coordCAM245-w1CAM245_2025-05-08-141101-stages.mat
cam245_w3,1,5,75600,5,coordCAM245-w3CAM245_2025-05-08-141101-stages.mat
cam245_w3,2,75601,219240,5,coordCAM245-w3CAM245_2025-05-08-141101-stages.mat
cam245_w3,3,219241,309960,5,coordCAM245-w3CAM245_2025-05-08-141101-stages.mat
cam245_w3,4,309961,399600,5,coordCAM245-w3CAM245_2025-05-08-141101-stages.mat
cam245_w3,5,399601,525960,5,coordCAM245-w3CAM245_2025-05-08-141101-stages.mat
cam245_w3,6,525961,698760,5,coordCAM245-w3CAM245_2025-05-08-141101-stages.mat
cam245_w4,1,5,75600,5,coordCAM245-w4CAM245_2025-05-08-141101-stages.mat
cam245_w4,2,75601,190080,5,coordCAM245-w4CAM245_2025-05-08-141101-stages.mat
cam245_w4,3,190081,272160,5,coordCAM245-w4CAM245_2025-05-08-141101-stages.mat
cam245_w4,4,272161,356400,5,coordCAM245-w4CAM245_2025-05-08-141101-stages.mat
cam245_w4,5,356401,450360,5,coordCAM245-w4CAM245_2025-05-08-141101-stages.mat
cam245_w4,6,450361,623160,5,coordCAM245-w4CAM245_2025-05-08-141101-stages.mat
cam245_w6,1,5,64800,5,coordCAM245-w6CAM245_2025-05-08-141101-stages.mat
cam245_w6,2,64801,187920,5,coordCAM245-w6CAM245_2025-05-08-141101-stages.mat
cam245_w6,3,187921,272160,5,coordCAM245-w6CAM245_2025-05-08-141101-stages.mat
cam245_w6,4,272161,353160,5,coordCAM245-w6CAM245_2025-05-08-141101-stages.mat
cam245_w6,5,353161,454680,5,coordCAM245-w6CAM245_2025-05-08-141101-stages.mat
cam245_w6,6,454681,627480,5,coordCAM245-w6CAM245_2025-05-08-141101-stages.mat
cam302_w1,1,5,108000,5,coordCAM302-w1CAM302_2025-05-08-122159-stages.mat
cam302_w1,2,108001,251640,5,coordCAM302-w1CAM302_2025-05-08-122159-stages.mat
cam302_w1,3,251641,341280,5,coordCAM302-w1CAM302_2025-05-08-122159-stages.mat
cam302_w1,4,341281,427680,5,coordCAM302-w1CAM302_2025-05-08-122159-stages.mat
cam302_w1,5,427681,534600,5,coordCAM302-w1CAM302_2025-05-08-122159-stages.mat
cam302_w1,6,534601,707400,5,coordCAM302-w1CAM302_2025-05-08-122159-stages.mat
cam302_w2,1,5,54000,5,coordCAM302-w2CAM302_2025-05-08-122159-stages.mat
cam302_w2,2,54001,184680,5,coordCAM302-w2CAM302_2025-05-08-122159-stages.mat
cam302_w2,3,184681,273240,5,coordCAM302-w2CAM302_2025-05-08-122159-stages.mat
cam302_w2,4,273241,359640,5,coordCAM302-w2CAM302_2025-05-08-122159-stages.mat
cam302_w2,5,359641,465480,5,coordCAM302-w2CAM302_2025-05-08-122159-stages.mat
cam302_w2,6,465481,638280,5,coordCAM302-w2CAM302_2025-05-08-122159-stages.mat
cam302_w3,1,5,86400,5,coordCAM302-w3CAM302_2025-05-08-122159-stages.mat
cam302_w3,2,86401,208440,5,coordCAM302-w3CAM302_2025-05-08-122159-stages.mat
cam302_w3,3,208441,289440,5,coordCAM302-w3CAM302_2025-05-08-122159-stages.mat
cam302_w3,4,289441,370440,5,coordCAM302-w3CAM302_2025-05-08-122159-stages.mat
cam302_w3,5,370441,469800,5,coordCAM302-w3CAM302_2025-05-08-122159-stages.mat
cam302_w3,6,469801,642600,5,coordCAM302-w3CAM302_2025-05-08-122159-stages.mat
cam302_w4,1,5,54000,5,coordCAM302-w4CAM302_2025-05-08-122159-stages.mat
cam302_w4,2,54001,171720,5,coordCAM302-w4CAM302_2025-05-08-122159-stages.mat
cam302_w4,3,171721,260280,5,coordCAM302-w4CAM302_2025-05-08-122159-stages.mat
cam302_w4,4,260281,345600,5,coordCAM302-w4CAM302_2025-05-08-122159-stages.mat
cam302_w4,5,345601,447120,5,coordCAM302-w4CAM302_2025-05-08-122159-stages.mat
cam302_w4,6,447121,619920,5,coordCAM302-w4CAM302_2025-05-08-122159-stages.mat
cam302_w5,1,5,75600,5,coordCAM302-w5CAM302_2025-05-08-122159-stages.mat
cam302_w5,2,75601,203040,5,coordCAM302-w5CAM302_2025-05-08-122159-stages.mat
cam302_w5,3,203041,288360,5,coordCAM302-w5CAM302_2025-05-08-122159-stages.mat
cam302_w5,4,288361,373680,5,coordCAM302-w5CAM302_2025-05-08-122159-stages.mat
cam302_w5,5,373681,477360,5,coordCAM302-w5CAM302_2025-05-08-122159-stages.mat
cam302_w5,6,477361,650160,5,coordCAM302-w5CAM302_2025-05-08-122159-stages.mat
cam302_w6,1,5,86400,5,coordCAM302-w6CAM302_2025-05-08-122159-stages.mat
cam302_w6,2,86401,207360,5,coordCAM302-w6CAM302_2025-05-08-122159-stages.mat
cam302_w6,3,207361,295920,5,coordCAM302-w6CAM302_2025-05-08-122159-stages.mat
cam302_w6,4,295921,383400,5,coordCAM302-w6CAM302_2025-05-08-122159-stages.mat
cam302_w6,5,383401,490320,5,coordCAM302-w6CAM302_2025-05-08-122159-stages.mat
cam302_w6,6,490321,663120,5,coordCAM302-w6CAM302_2025-05-08-122159-stages.mat
cam304_w1,1,5,64800,5,coordCAM304-w1CAM304_2025-05-08-114024-stages.mat
cam304_w1,2,64801,179280,5,coordCAM304-w1CAM304_2025-05-08-114024-stages.mat
cam304_w1,3,179281,262440,5,coordCAM304-w1CAM304_2025-05-08-114024-stages.mat
cam304_w1,4,262441,347760,5,coordCAM304-w1CAM304_2025-05-08-114024-stages.mat
cam304_w1,5,347761,448200,5,coordCAM304-w1CAM304_2025-05-08-114024-stages.mat
cam304_w1,6,448201,621000,5,coordCAM304-w1CAM304_2025-05-08-114024-stages.mat
cam304_w2,1,5,75600,5,coordCAM304-w2CAM304_2025-05-08-114024-stages.mat
cam304_w2,2,75601,198720,5,coordCAM304-w2CAM304_2025-05-08-114024-stages.mat
cam304_w2,3,198721,286200,5,coordCAM304-w2CAM304_2025-05-08-114024-stages.mat
cam304_w2,4,286201,373680,5,coordCAM304-w2CAM304_2025-05-08-114024-stages.mat
cam304_w2,5,373681,477360,5,coordCAM304-w2CAM304_2025-05-08-114024-stages.mat
cam304_w2,6,477361,650160,5,coordCAM304-w2CAM304_2025-05-08-114024-stages.mat
cam304_w4,1,5,75600,5,coordCAM304-w4CAM304_2025-05-08-114024-stages.mat
cam304_w4,2,75601,197640,5,coordCAM304-w4CAM304_2025-05-08-114024-stages.mat
cam304_w4,3,197641,277560,5,coordCAM304-w4CAM304_2025-05-08-114024-stages.mat
cam304_w4,4,277561,357480,5,coordCAM304-w4CAM304_2025-05-08-114024-stages.mat
cam304_w4,5,357481,460080,5,coordCAM304-w4CAM304_2025-05-08-114024-stages.mat
cam304_w4,6,460081,632880,5,coordCAM304-w4CAM304_2025-05-08-114024-stages.mat
cam304_w6,1,5,75600,5,coordCAM304-w6CAM304_2025-05-08-114024-stages.mat
cam304_w6,2,75601,198720,5,coordCAM304-w6CAM304_2025-05-08-114024-stages.mat
cam304_w6,3,198721,282960,5,coordCAM304-w6CAM304_2025-05-08-114024-stages.mat
cam304_w6,4,282961,368280,5,coordCAM304-w6CAM304_2025-05-08-114024-stages.mat
cam304_w6,5,368281,470880,5,coordCAM304-w6CAM304_2025-05-08-114024-stages.mat
cam304_w6,6,470881,643680,5,coordCAM304-w6CAM304_2025-05-08-114024-stages.mat
cam306_w1,1,15,64800,15,coordCAM306-w1CAM306_2025-05-08-114043-stages.mat
cam306_w1,2,64801,179280,15,coordCAM306-w1CAM306_2025-05-08-114043-stages.mat
cam306_w1,3,179281,260280,15,coordCAM306-w1CAM306_2025-05-08-114043-stages.mat
cam306_w1,4,260281,340200,15,coordCAM306-w1CAM306_2025-05-08-114043-stages.mat
cam306_w1,5,340201,446040,15,coordCAM306-w1CAM306_2025-05-08-114043-stages.mat
cam306_w1,6,446041,618840,15,coordCAM306-w1CAM306_2025-05-08-114043-stages.mat
cam306_w2,1,5,86400,5,coordCAM306-w2CAM306_2025-05-08-114043-stages.mat
cam306_w2,2,86401,208440,5,coordCAM306-w2CAM306_2025-05-08-114043-stages.mat
cam306_w2,3,208441,289440,5,coordCAM306-w2CAM306_2025-05-08-114043-stages.mat
cam306_w2,4,289441,374760,5,coordCAM306-w2CAM306_2025-05-08-114043-stages.mat
cam306_w2,5,374761,477360,5,coordCAM306-w2CAM306_2025-05-08-114043-stages.mat
cam306_w2,6,477361,650160,5,coordCAM306-w2CAM306_2025-05-08-114043-stages.mat
cam306_w4,1,5,64800,5,coordCAM306-w4CAM306_2025-05-08-114043-stages.mat
cam306_w4,2,64801,189000,5,coordCAM306-w4CAM306_2025-05-08-114043-stages.mat
cam306_w4,3,189001,274320,5,coordCAM306-w4CAM306_2025-05-08-114043-stages.mat
cam306_w4,4,274321,353160,5,coordCAM306-w4CAM306_2025-05-08-114043-stages.mat
cam306_w4,5,353161,459000,5,coordCAM306-w4CAM306_2025-05-08-114043-stages.mat
cam306_w4,6,459001,631800,5,coordCAM306-w4CAM306_2025-05-08-114043-stages.mat
cam306_w5,1,5,10800,5,coordCAM306-w5CAM306_2025-05-08-114043-stages.mat
cam306_w5,2,10801,174960,5,coordCAM306-w5CAM306_2025-05-08-114043-stages.mat
cam306_w5,3,174961,261360,5,coordCAM306-w5CAM306_2025-05-08-114043-stages.mat
cam306_w5,4,261361,347760,5,coordCAM306-w5CAM306_2025-05-08-114043-stages.mat
cam306_w5,5,347761,452520,5,coordCAM306-w5CAM306_2025-05-08-114043-stages.mat
cam306_w5,6,452521,625320,5,coordCAM306-w5CAM306_2025-05-08-114043-stages.mat
cam306_w6,1,5,97200,5,coordCAM306-w6CAM306_2025-05-08-114043-stages.mat
cam306_w6,2,97201,199800,5,coordCAM306-w6CAM306_2025-05-08-114043-stages.mat
cam306_w6,3,199801,282960,5,coordCAM306-w6CAM306_2025-05-08-114043-stages.mat
cam306_w6,4,282961,365040,5,coordCAM306-w6CAM306_2025-05-08-114043-stages.mat
cam306_w6,5,365041,469800,5,coordCAM306-w6CAM306_2025-05-08-114043-stages.mat
cam306_w6,6,469801,642600,5,coordCAM306-w6CAM306_2025-05-08-114043-stages.mat
cam307_w1,1,5,10800,5,coordCAM307-w1CAM307_2025-05-08-122128-stages.mat
cam307_w1,2,10801,117720,5,coordCAM307-w1CAM307_2025-05-08-122128-stages.mat
cam307_w1,3,117721,210600,5,coordCAM307-w1CAM307_2025-05-08-122128-stages.mat
cam307_w1,4,210601,300240,5,coordCAM307-w1CAM307_2025-05-08-122128-stages.mat
cam307_w1,5,300241,402840,5,coordCAM307-w1CAM307_2025-05-08-122128-stages.mat
cam307_w1,6,402841,575640,5,coordCAM307-w1CAM307_2025-05-08-122128-stages.mat
cam307_w2,1,5,64800,5,coordCAM307-w2CAM307_2025-05-08-122128-stages.mat
cam307_w2,2,64801,187920,5,coordCAM307-w2CAM307_2025-05-08-122128-stages.mat
cam307_w2,3,187921,278640,5,coordCAM307-w2CAM307_2025-05-08-122128-stages.mat
cam307_w2,4,278641,368280,5,coordCAM307-w2CAM307_2025-05-08-122128-stages.mat
cam307_w2,5,368281,476280,5,coordCAM307-w2CAM307_2025-05-08-122128-stages.mat
cam307_w2,6,476281,649080,5,coordCAM307-w2CAM307_2025-05-08-122128-stages.mat
cam307_w3,1,5,10800,5,coordCAM307-w3CAM307_2025-05-08-122128-stages.mat
cam307_w3,2,10801,217080,5,coordCAM307-w3CAM307_2025-05-08-122128-stages.mat
cam307_w3,3,217081,312120,5,coordCAM307-w3CAM307_2025-05-08-122128-stages.mat
cam307_w3,4,312121,399600,5,coordCAM307-w3CAM307_2025-05-08-122128-stages.mat
cam307_w3,5,399601,507600,5,coordCAM307-w3CAM307_2025-05-08-122128-stages.mat
cam307_w3,6,507601,680400,5,coordCAM307-w3CAM307_2025-05-08-122128-stages.mat
cam307_w4,1,5,75600,5,coordCAM307-w4CAM307_2025-05-08-122128-stages.mat
cam307_w4,2,75601,195480,5,coordCAM307-w4CAM307_2025-05-08-122128-stages.mat
cam307_w4,3,195481,282960,5,coordCAM307-w4CAM307_2025-05-08-122128-stages.mat
cam307_w4,4,282961,370440,5,coordCAM307-w4CAM307_2025-05-08-122128-stages.mat
cam307_w4,5,370441,474120,5,coordCAM307-w4CAM307_2025-05-08-122128-stages.mat
cam307_w4,6,474121,646920,5,coordCAM307-w4CAM307_2025-05-08-122128-stages.mat
cam308_w2,1,5,97200,5,coordCAM308-w2CAM308_2025-05-08-114056-stages.mat
cam308_w2,2,97201,209520,5,coordCAM308-w2CAM308_2025-05-08-114056-stages.mat
cam308_w2,3,209521,291600,5,coordCAM308-w2CAM308_2025-05-08-114056-stages.mat
cam308_w2,4,291601,387720,5,coordCAM308-w2CAM308_2025-05-08-114056-stages.mat
cam308_w2,5,387721,491400,5,coordCAM308-w2CAM308_2025-05-08-114056-stages.mat
cam308_w2,6,491401,664200,5,coordCAM308-w2CAM308_2025-05-08-114056-stages.mat
cam308_w3,1,5,86400,5,coordCAM308-w3CAM308_2025-05-08-114056-stages.mat
cam308_w3,2,86401,209520,5,coordCAM308-w3CAM308_2025-05-08-114056-stages.mat
cam308_w3,3,209521,295920,5,coordCAM308-w3CAM308_2025-05-08-114056-stages.mat
cam308_w3,4,295921,382320,5,coordCAM308-w3CAM308_2025-05-08-114056-stages.mat
cam308_w3,5,382321,484920,5,coordCAM308-w3CAM308_2025-05-08-114056-stages.mat
cam308_w3,6,484921,657720,5,coordCAM308-w3CAM308_2025-05-08-114056-stages.mat
cam308_w4,1,5,75600,5,coordCAM308-w4CAM308_2025-05-08-114056-stages.mat
cam308_w4,2,75601,195480,5,coordCAM308-w4CAM308_2025-05-08-114056-stages.mat
cam308_w4,3,195481,282960,5,coordCAM308-w4CAM308_2025-05-08-114056-stages.mat
cam308_w4,4,282961,369360,5,coordCAM308-w4CAM308_2025-05-08-114056-stages.mat
cam308_w4,5,369361,474120,5,coordCAM308-w4CAM308_2025-05-08-114056-stages.mat
cam308_w4,6,474121,646920,5,coordCAM308-w4CAM308_2025-05-08-114056-stages.mat
cam308_w5,1,5,43200,5,coordCAM308-w5CAM308_2025-05-08-114056-stages.mat
cam308_w5,2,43201,159840,5,coordCAM308-w5CAM308_2025-05-08-114056-stages.mat
cam308_w5,3,159841,252720,5,coordCAM308-w5CAM308_2025-05-08-114056-stages.mat
cam308_w5,4,252721,342360,5,coordCAM308-w5CAM308_2025-05-08-114056-stages.mat
cam308_w5,5,342361,455760,5,coordCAM308-w5CAM308_2025-05-08-114056-stages.mat
cam308_w5,6,455761,628560,5,coordCAM308-w5CAM308_2025-05-08-114056-stages.mat
cam308_w6,1,5,86400,5,coordCAM308-w6CAM308_2025-05-08-114056-stages.mat
cam308_w6,2,86401,213840,5,coordCAM308-w6CAM308_2025-05-08-114056-stages.mat
cam308_w6,3,213841,300240,5,coordCAM308-w6CAM308_2025-05-08-114056-stages.mat
cam308_w6,4,300241,389880,5,coordCAM308-w6CAM308_2025-05-08-114056-stages.mat
cam308_w6,5,389881,492480,5,coordCAM308-w6CAM308_2025-05-08-114056-stages.mat
cam308_w6,6,492481,665280,5,coordCAM308-w6CAM308_2025-05-08-114056-stages.mat
cam309_w1,1,5,75600,5,coordCAM309-w1CAM309_2025-05-08-114626-stages.mat
cam309_w1,2,75601,197640,5,coordCAM309-w1CAM309_2025-05-08-114626-stages.mat
cam309_w1,3,197641,284040,5,coordCAM309-w1CAM309_2025-05-08-114626-stages.mat
cam309_w1,4,284041,367200,5,coordCAM309-w1CAM309_2025-05-08-114626-stages.mat
cam309_w1,5,367201,476280,5,coordCAM309-w1CAM309_2025-05-08-114626-stages.mat
cam309_w1,6,476281,649080,5,coordCAM309-w1CAM309_2025-05-08-114626-stages.mat
cam309_w2,1,5,64800,5,coordCAM309-w2CAM309_2025-05-08-114626-stages.mat
cam309_w2,2,64801,182520,5,coordCAM309-w2CAM309_2025-05-08-114626-stages.mat
cam309_w2,3,182521,264600,5,coordCAM309-w2CAM309_2025-05-08-114626-stages.mat
cam309_w2,4,264601,345600,5,coordCAM309-w2CAM309_2025-05-08-114626-stages.mat
cam309_w2,5,345601,450360,5,coordCAM309-w2CAM309_2025-05-08-114626-stages.mat
cam309_w2,6,450361,623160,5,coordCAM309-w2CAM309_2025-05-08-114626-stages.mat
cam309_w3,1,5,75600,5,coordCAM309-w3CAM309_2025-05-08-114626-stages.mat
cam309_w3,2,75601,193320,5,coordCAM309-w3CAM309_2025-05-08-114626-stages.mat
cam309_w3,3,193321,278640,5,coordCAM309-w3CAM309_2025-05-08-114626-stages.mat
cam309_w3,4,278641,359640,5,coordCAM309-w3CAM309_2025-05-08-114626-stages.mat
cam309_w3,5,359641,467640,5,coordCAM309-w3CAM309_2025-05-08-114626-stages.mat
cam309_w3,6,467641,640440,5,coordCAM309-w3CAM309_2025-05-08-114626-stages.mat
cam309_w4,1,5,75600,5,coordCAM309-w4CAM309_2025-05-08-114626-stages.mat
cam309_w4,2,75601,193320,5,coordCAM309-w4CAM309_2025-05-08-114626-stages.mat
cam309_w4,3,193321,275400,5,coordCAM309-w4CAM309_2025-05-08-114626-stages.mat
cam309_w4,4,275401,357480,5,coordCAM309-w4CAM309_2025-05-08-114626-stages.mat
cam309_w4,5,357481,463320,5,coordCAM309-w4CAM309_2025-05-08-114626-stages.mat
cam309_w4,6,463321,636120,5,coordCAM309-w4CAM309_2025-05-08-114626-stages.mat
cam309_w5,1,5,75600,5,coordCAM309-w5CAM309_2025-05-08-114626-stages.mat
cam309_w5,2,75601,194400,5,coordCAM309-w5CAM309_2025-05-08-114626-stages.mat
cam309_w5,3,194401,282960,5,coordCAM309-w5CAM309_2025-05-08-114626-stages.mat
cam309_w5,4,282961,362880,5,coordCAM309-w5CAM309_2025-05-08-114626-stages.mat
cam309_w5,5,362881,465480,5,coordCAM309-w5CAM309_2025-05-08-114626-stages.mat
cam309_w5,6,465481,638280,5,coordCAM309-w5CAM309_2025-05-08-114626-stages.mat
cam309_w6,1,5,54000,5,coordCAM309-w6CAM309_2025-05-08-114626-stages.mat
cam309_w6,2,54001,172800,5,coordCAM309-w6CAM309_2025-05-08-114626-stages.mat
cam309_w6,3,172801,257040,5,coordCAM309-w6CAM309_2025-05-08-114626-stages.mat
cam309_w6,4,257041,341280,5,coordCAM309-w6CAM309_2025-05-08-114626-stages.mat
cam309_w6,5,341281,447120,5,coordCAM309-w6CAM309_2025-05-08-114626-stages.mat
cam309_w6,6,447121,619920,5,coordCAM309-w6CAM309_2025-05-08-114626-stages.mat
cam516_w1,1,5,75600,5,coordCAM516-w1CAM516_2025-05-08-122149-stages.mat
cam516_w1,2,75601,194400,5,coordCAM516-w1CAM516_2025-05-08-122149-stages.mat
cam516_w1,3,194401,279720,5,coordCAM516-w1CAM516_2025-05-08-122149-stages.mat
cam516_w1,4,279721,358560,5,coordCAM516-w1CAM516_2025-05-08-122149-stages.mat
cam516_w1,5,358561,456840,5,coordCAM516-w1CAM516_2025-05-08-122149-stages.mat
cam516_w1,6,456841,629640,5,coordCAM516-w1CAM516_2025-05-08-122149-stages.mat
cam516_w3,1,15,54000,15,coordCAM516-w3CAM516_2025-05-08-122149-stages.mat
cam516_w3,2,54001,173880,15,coordCAM516-w3CAM516_2025-05-08-122149-stages.mat
cam516_w3,3,173881,255960,15,coordCAM516-w3CAM516_2025-05-08-122149-stages.mat
cam516_w3,4,255961,338040,15,coordCAM516-w3CAM516_2025-05-08-122149-stages.mat
cam516_w3,5,338041,437400,15,coordCAM516-w3CAM516_2025-05-08-122149-stages.mat
cam516_w3,6,437401,610200,15,coordCAM516-w3CAM516_2025-05-08-122149-stages.mat
cam516_w4,1,5,86400,5,coordCAM516-w4CAM516_2025-05-08-122149-stages.mat
cam516_w4,2,86401,204120,5,coordCAM516-w4CAM516_2025-05-08-122149-stages.mat
cam516_w4,3,204121,282960,5,coordCAM516-w4CAM516_2025-05-08-122149-stages.mat
cam516_w4,4,282961,365040,5,coordCAM516-w4CAM516_2025-05-08-122149-stages.mat
cam516_w4,5,365041,463320,5,coordCAM516-w4CAM516_2025-05-08-122149-stages.mat
cam516_w4,6,463321,636120,5,coordCAM516-w4CAM516_2025-05-08-122149-stages.mat
cam516_w5,1,5,43200,5,coordCAM516-w5CAM516_2025-05-08-122149-stages.mat
cam516_w5,2,43201,163080,5,coordCAM516-w5CAM516_2025-05-08-122149-stages.mat
cam516_w5,3,163081,245160,5,coordCAM516-w5CAM516_2025-05-08-122149-stages.mat
cam516_w5,4,245161,326160,5,coordCAM516-w5CAM516_2025-05-08-122149-stages.mat
cam516_w5,5,326161,428760,5,coordCAM516-w5CAM516_2025-05-08-122149-stages.mat
cam516_w5,6,428761,601560,5,coordCAM516-w5CAM516_2025-05-08-122149-stages.mat
cam537_w1,1,5,86400,5,coordCAM537-w1CAM537_2025-05-08-120219-stages.mat
cam537_w1,2,86401,214920,5,coordCAM537-w1CAM537_2025-05-08-120219-stages.mat
cam537_w1,3,214921,304560,5,coordCAM537-w1CAM537_2025-05-08-120219-stages.mat
cam537_w1,4,304561,385560,5,coordCAM537-w1CAM537_2025-05-08-120219-stages.mat
cam537_w1,5,385561,494640,5,coordCAM537-w1CAM537_2025-05-08-120219-stages.mat
cam537_w1,6,494641,667440,5,coordCAM537-w1CAM537_2025-05-08-120219-stages.mat
cam537_w2,1,5,64800,5,coordCAM537-w2CAM537_2025-05-08-120219-stages.mat
cam537_w2,2,64801,189000,5,coordCAM537-w2CAM537_2025-05-08-120219-stages.mat
cam537_w2,3,189001,279720,5,coordCAM537-w2CAM537_2025-05-08-120219-stages.mat
cam537_w2,4,279721,370440,5,coordCAM537-w2CAM537_2025-05-08-120219-stages.mat
cam537_w2,5,370441,479520,5,coordCAM537-w2CAM537_2025-05-08-120219-stages.mat
cam537_w2,6,479521,652320,5,coordCAM537-w2CAM537_2025-05-08-120219-stages.mat
cam537_w3,1,5,75600,5,coordCAM537-w3CAM537_2025-05-08-120219-stages.mat
cam537_w3,2,75601,190080,5,coordCAM537-w3CAM537_2025-05-08-120219-stages.mat
cam537_w3,3,190081,280800,5,coordCAM537-w3CAM537_2025-05-08-120219-stages.mat
cam537_w3,4,280801,367200,5,coordCAM537-w3CAM537_2025-05-08-120219-stages.mat
cam537_w3,5,367201,474120,5,coordCAM537-w3CAM537_2025-05-08-120219-stages.mat
cam537_w3,6,474121,646920,5,coordCAM537-w3CAM537_2025-05-08-120219-stages.mat
cam537_w5,1,5,86400,5,coordCAM537-w5CAM537_2025-05-08-120219-stages.mat
cam537_w5,2,86401,205200,5,coordCAM537-w5CAM537_2025-05-08-120219-stages.mat
cam537_w5,3,205201,295920,5,coordCAM537-w5CAM537_2025-05-08-120219-stages.mat
cam537_w5,4,295921,383400,5,coordCAM537-w5CAM537_2025-05-08-120219-stages.mat
cam537_w5,5,383401,491400,5,coordCAM537-w5CAM537_2025-05-08-120219-stages.mat
cam537_w5,6,491401,664200,5,coordCAM537-w5CAM537_2025-05-08-120219-stages.mat
